CustID,Gender,AgeGroup,Purchase_Last_Quarter,Unique_Products_Purchased,Response_to_Campaign
100001,Female,30-50,Yes,9,Yes
100002,Male,>50,Yes,15,No
100003,Male,>50,Yes,11,No
100004,Female,30-50,No,6,No
100005,Female,<30,Yes,13,Yes
100006,Female,<30,No,5,No
100007,Female,30-50,Yes,12,No
100008,Female,>50,No,7,No
100009,Female,>50,Yes,15,Yes
100010,Male,30-50,Yes,7,Yes
100011,Male,30-50,Yes,8,Yes
100012,Female,30-50,Yes,14,Yes
100013,Female,30-50,Yes,13,Yes
100014,Male,<30,No,6,No
100015,Male,>50,Yes,14,No
100016,Female,<30,No,4,No
100017,Male,<30,Yes,9,No
100018,Male,<30,Yes,5,No
100019,Female,<30,Yes,5,No
100020,Female,30-50,Yes,11,Yes
100021,Female,<30,No,6,Yes
100022,Female,<30,No,6,No
100023,Female,30-50,Yes,11,No
100024,Female,30-50,Yes,11,Yes
100025,Female,30-50,Yes,6,Yes
100026,Male,>50,No,7,No
100027,Male,30-50,Yes,11,Yes
100028,Male,<30,Yes,13,No
100029,Male,30-50,Yes,9,No
100030,Female,<30,Yes,5,No
100031,Male,>50,No,3,No
100032,Female,>50,No,4,No
100033,Female,>50,No,1,No
100034,Female,>50,No,4,Yes
100035,Female,30-50,Yes,5,Yes
100036,Male,30-50,No,6,No
100037,Female,30-50,No,5,Yes
100038,Female,30-50,Yes,12,Yes
100039,Female,>50,No,5,No
100040,Female,30-50,No,7,No
100041,Female,30-50,Yes,13,No
100042,Male,30-50,Yes,10,Yes
100043,Male,30-50,Yes,12,No
100044,Female,>50,No,3,Yes
100045,Female,>50,Yes,10,No
100046,Male,30-50,No,7,No
100047,Female,<30,Yes,10,Yes
100048,Female,>50,No,1,No
100049,Female,30-50,Yes,6,Yes
100050,Female,30-50,No,3,No
100051,Male,>50,No,5,No
100052,Female,30-50,No,6,No
100053,Female,30-50,No,3,No
100054,Female,<30,Yes,13,Yes
100055,Male,>50,Yes,5,Yes
100056,Male,>50,Yes,11,No
100057,Female,>50,Yes,10,No
100058,Female,<30,No,1,No
100059,Female,30-50,Yes,10,No
100060,Female,30-50,No,2,Yes
100061,Female,30-50,No,1,No
100062,Female,<30,Yes,15,Yes
100063,Female,30-50,Yes,12,Yes
100064,Female,30-50,Yes,13,Yes
100065,Female,>50,No,1,Yes
100066,Male,30-50,Yes,7,No
100067,Female,30-50,Yes,13,No
100068,Male,30-50,No,6,No
100069,Male,>50,No,4,No
100070,Female,>50,No,5,No
100071,Male,30-50,Yes,14,No
100072,Female,30-50,Yes,13,No
100073,Female,30-50,Yes,10,Yes
100074,Female,30-50,Yes,8,Yes
100075,Male,>50,No,4,No
100076,Female,>50,Yes,12,Yes
100077,Female,30-50,No,2,Yes
100078,Male,30-50,Yes,6,Yes
100079,Male,30-50,No,5,Yes
100080,Female,30-50,No,4,Yes
100081,Male,30-50,No,2,Yes
100082,Female,>50,Yes,14,Yes
100083,Female,30-50,Yes,9,Yes
100084,Male,>50,No,6,Yes
100085,Female,30-50,No,3,No
100086,Female,30-50,No,2,No
100087,Male,<30,Yes,13,Yes
100088,Male,<30,Yes,10,No
100089,Male,>50,Yes,7,Yes
100090,Male,<30,Yes,5,No
100091,Female,>50,Yes,13,Yes
100092,Female,30-50,Yes,8,No
100093,Male,30-50,No,7,No
100094,Female,30-50,Yes,6,No
100095,Female,>50,No,7,No
100096,Female,30-50,Yes,8,No
100097,Male,30-50,Yes,15,Yes
100098,Male,30-50,Yes,8,Yes
100099,Male,>50,Yes,13,Yes
100100,Male,>50,No,6,No
100101,Female,30-50,Yes,7,No
100102,Female,<30,Yes,7,Yes
100103,Male,<30,Yes,6,Yes
100104,Male,>50,Yes,14,No
100105,Male,30-50,No,4,No
100106,Female,>50,No,2,No
100107,Female,30-50,Yes,9,Yes
100108,Female,>50,Yes,5,No
100109,Female,30-50,Yes,7,No
100110,Male,30-50,Yes,5,Yes
100111,Male,30-50,No,3,No
100112,Male,>50,Yes,12,Yes
100113,Male,30-50,Yes,8,No
100114,Female,>50,No,4,No
100115,Male,30-50,No,5,No
100116,Female,<30,Yes,8,Yes
100117,Female,<30,Yes,15,Yes
100118,Female,30-50,No,3,No
100119,Male,>50,No,1,No
100120,Female,>50,No,7,No
100121,Female,30-50,Yes,8,No
100122,Male,30-50,Yes,10,No
100123,Male,30-50,Yes,15,Yes
100124,Female,30-50,Yes,9,Yes
100125,Female,30-50,Yes,7,Yes
100126,Female,30-50,Yes,8,Yes
100127,Male,30-50,Yes,5,No
100128,Female,<30,No,5,No
100129,Female,>50,No,1,No
100130,Male,30-50,Yes,7,Yes
100131,Female,<30,No,6,No
100132,Male,<30,No,3,No
100133,Female,30-50,Yes,10,Yes
100134,Female,30-50,Yes,15,No
100135,Female,>50,Yes,14,No
100136,Male,30-50,No,1,No
100137,Female,>50,Yes,7,No
100138,Male,<30,No,3,No
100139,Female,<30,Yes,6,Yes
100140,Female,<30,Yes,11,No
100141,Male,30-50,No,3,No
100142,Male,30-50,No,3,Yes
100143,Female,30-50,Yes,7,Yes
100144,Female,>50,Yes,14,Yes
100145,Female,30-50,No,5,No
100146,Female,30-50,No,2,Yes
100147,Female,30-50,Yes,8,No
100148,Male,30-50,Yes,10,No
100149,Female,>50,No,6,Yes
100150,Female,30-50,No,6,Yes
100151,Male,>50,Yes,15,No
100152,Female,30-50,No,4,No
100153,Male,>50,No,2,No
100154,Male,30-50,Yes,10,No
100155,Female,>50,No,3,No
100156,Male,30-50,No,5,Yes
100157,Female,30-50,Yes,8,Yes
100158,Female,30-50,Yes,10,Yes
100159,Female,<30,No,6,No
100160,Female,>50,Yes,11,Yes
100161,Female,>50,Yes,10,No
100162,Female,30-50,No,4,No
100163,Female,30-50,No,1,Yes
100164,Male,30-50,Yes,14,Yes
100165,Female,30-50,Yes,14,Yes
100166,Female,30-50,Yes,12,Yes
100167,Male,30-50,No,6,No
100168,Female,30-50,Yes,10,No
100169,Female,30-50,Yes,7,No
100170,Female,30-50,Yes,14,Yes
100171,Female,30-50,Yes,14,Yes
100172,Male,>50,Yes,9,Yes
100173,Female,>50,Yes,9,Yes
100174,Female,>50,No,1,Yes
100175,Female,>50,No,2,No
100176,Male,>50,No,6,No
100177,Male,>50,No,7,Yes
100178,Male,<30,Yes,13,Yes
100179,Male,<30,Yes,10,No
100180,Female,30-50,Yes,11,Yes
100181,Female,30-50,Yes,10,No
100182,Male,<30,Yes,8,Yes
100183,Male,30-50,No,1,No
100184,Female,>50,Yes,14,No
100185,Female,30-50,Yes,13,Yes
100186,Female,<30,Yes,6,No
100187,Male,30-50,Yes,14,No
100188,Female,>50,Yes,13,No
100189,Female,30-50,Yes,11,Yes
100190,Female,30-50,No,5,No
100191,Male,>50,Yes,12,No
100192,Female,>50,Yes,6,No
100193,Male,30-50,Yes,9,Yes
100194,Female,<30,Yes,5,Yes
100195,Male,>50,Yes,8,Yes
100196,Female,30-50,No,7,No
100197,Male,<30,No,3,No
100198,Female,30-50,No,6,Yes
100199,Female,30-50,Yes,6,Yes
100200,Male,30-50,Yes,7,Yes
100201,Female,30-50,Yes,7,Yes
100202,Male,30-50,Yes,13,Yes
100203,Female,>50,Yes,14,No
100204,Female,30-50,No,2,No
100205,Female,30-50,No,4,No
100206,Female,30-50,Yes,14,No
100207,Male,30-50,Yes,7,No
100208,Female,30-50,No,5,No
100209,Female,30-50,Yes,13,No
100210,Male,30-50,Yes,5,No
100211,Female,<30,Yes,8,No
100212,Female,30-50,Yes,7,No
100213,Female,<30,No,5,No
100214,Female,>50,Yes,10,Yes
100215,Female,<30,No,6,Yes
100216,Female,>50,Yes,5,Yes
100217,Male,30-50,No,5,No
100218,Male,<30,Yes,12,No
100219,Female,30-50,No,6,Yes
100220,Male,>50,Yes,14,No
100221,Female,<30,Yes,6,No
100222,Female,>50,Yes,8,No
100223,Male,30-50,No,2,No
100224,Female,>50,Yes,14,No
100225,Female,30-50,No,7,No
100226,Male,<30,Yes,14,Yes
100227,Female,30-50,No,1,No
100228,Female,30-50,Yes,10,Yes
100229,Male,<30,Yes,10,No
100230,Male,30-50,No,4,No
100231,Male,<30,No,3,No
100232,Male,30-50,Yes,11,No
100233,Male,<30,No,5,No
100234,Female,30-50,Yes,9,No
100235,Female,<30,No,5,Yes
100236,Male,>50,No,6,Yes
100237,Male,>50,No,1,No
100238,Female,30-50,Yes,11,No
100239,Female,30-50,Yes,12,No
100240,Female,30-50,Yes,9,Yes
100241,Male,30-50,No,5,No
100242,Female,30-50,Yes,11,No
100243,Female,<30,No,4,No
100244,Male,30-50,No,6,No
100245,Male,30-50,No,3,No
100246,Female,<30,No,1,No
100247,Female,30-50,Yes,11,No
100248,Male,<30,Yes,12,Yes
100249,Female,30-50,Yes,15,Yes
100250,Female,30-50,No,4,Yes
100251,Male,30-50,Yes,6,No
100252,Female,30-50,Yes,13,Yes
100253,Female,30-50,No,7,Yes
100254,Female,30-50,Yes,5,Yes
100255,Male,>50,Yes,9,No
100256,Female,>50,No,5,No
100257,Female,>50,Yes,7,No
100258,Female,<30,Yes,12,No
100259,Male,>50,Yes,9,No
100260,Male,<30,Yes,10,No
100261,Female,<30,Yes,15,Yes
100262,Male,<30,Yes,7,Yes
100263,Female,>50,Yes,11,Yes
100264,Male,<30,Yes,7,No
100265,Male,30-50,Yes,11,Yes
100266,Male,30-50,Yes,8,No
100267,Male,30-50,Yes,10,Yes
100268,Male,30-50,Yes,7,No
100269,Male,30-50,Yes,6,No
100270,Female,30-50,No,2,Yes
100271,Male,30-50,Yes,10,No
100272,Male,30-50,Yes,13,Yes
100273,Male,<30,Yes,6,Yes
100274,Male,>50,Yes,5,No
100275,Female,30-50,No,1,Yes
100276,Male,30-50,Yes,12,Yes
100277,Female,30-50,Yes,8,Yes
100278,Male,30-50,Yes,13,No
100279,Female,<30,Yes,6,Yes
100280,Male,30-50,Yes,5,Yes
100281,Female,<30,Yes,13,Yes
100282,Male,>50,Yes,9,No
100283,Male,30-50,Yes,10,Yes
100284,Female,<30,Yes,8,No
100285,Male,30-50,Yes,12,No
100286,Female,<30,Yes,8,No
100287,Female,30-50,Yes,15,Yes
100288,Female,>50,Yes,14,No
100289,Female,30-50,No,7,No
100290,Female,<30,No,1,No
100291,Female,30-50,Yes,11,Yes
100292,Female,<30,Yes,10,Yes
100293,Male,30-50,No,4,No
100294,Female,>50,Yes,7,Yes
100295,Male,>50,Yes,6,No
100296,Female,<30,No,2,No
100297,Female,30-50,Yes,5,Yes
100298,Female,<30,Yes,12,Yes
100299,Male,30-50,Yes,12,No
100300,Female,30-50,Yes,7,Yes
100301,Male,30-50,No,3,No
100302,Female,<30,Yes,5,No
100303,Male,30-50,Yes,12,Yes
100304,Male,30-50,Yes,12,Yes
100305,Male,<30,No,2,No
100306,Female,30-50,Yes,11,Yes
100307,Male,>50,Yes,6,Yes
100308,Female,30-50,Yes,14,Yes
100309,Female,30-50,Yes,6,Yes
100310,Male,<30,Yes,13,Yes
100311,Female,30-50,Yes,15,No
100312,Female,30-50,Yes,5,No
100313,Male,<30,Yes,12,No
100314,Female,30-50,Yes,7,No
100315,Female,>50,Yes,9,No
100316,Female,30-50,No,5,Yes
100317,Female,<30,Yes,9,Yes
100318,Female,30-50,Yes,10,No
100319,Female,30-50,No,1,Yes
100320,Female,30-50,Yes,15,No
100321,Male,>50,Yes,7,No
100322,Female,<30,Yes,12,Yes
100323,Female,30-50,Yes,15,Yes
100324,Male,30-50,No,3,No
100325,Male,30-50,No,3,No
100326,Female,>50,No,4,Yes
100327,Male,30-50,Yes,7,No
100328,Female,30-50,Yes,15,Yes
100329,Male,>50,No,3,No
100330,Female,<30,No,5,No
100331,Female,<30,No,3,No
100332,Female,>50,No,3,No
100333,Female,30-50,Yes,8,Yes
100334,Female,30-50,No,1,No
100335,Male,<30,No,7,No
100336,Male,<30,Yes,15,No
100337,Male,>50,Yes,10,No
100338,Female,<30,Yes,7,No
100339,Male,30-50,No,6,No
100340,Male,<30,Yes,10,No
100341,Female,<30,No,2,No
100342,Female,30-50,Yes,8,Yes
100343,Male,>50,No,1,No
100344,Female,30-50,Yes,14,Yes
100345,Male,>50,No,4,No
100346,Male,30-50,Yes,15,No
100347,Male,30-50,Yes,8,No
100348,Male,<30,No,6,No
100349,Female,>50,No,7,Yes
100350,Female,<30,Yes,13,Yes
100351,Female,30-50,Yes,11,Yes
100352,Female,30-50,Yes,14,Yes
100353,Female,<30,No,2,No
100354,Male,>50,Yes,8,No
100355,Male,>50,Yes,9,Yes
100356,Male,<30,Yes,11,Yes
100357,Male,30-50,No,1,No
100358,Male,>50,Yes,10,No
100359,Female,30-50,Yes,7,Yes
100360,Male,>50,Yes,13,No
100361,Female,<30,No,3,No
100362,Male,<30,No,3,No
100363,Female,<30,Yes,7,Yes
100364,Male,<30,No,1,No
100365,Male,<30,Yes,10,No
100366,Female,<30,Yes,9,No
100367,Female,>50,Yes,7,No
100368,Male,>50,Yes,15,Yes
100369,Female,<30,Yes,15,No
100370,Female,<30,No,6,No
100371,Female,30-50,Yes,7,No
100372,Female,30-50,Yes,7,Yes
100373,Male,30-50,Yes,13,No
100374,Female,<30,Yes,12,No
100375,Female,30-50,Yes,11,No
100376,Male,<30,No,2,No
100377,Female,>50,Yes,6,No
100378,Female,>50,No,6,No
100379,Female,30-50,Yes,6,Yes
100380,Male,<30,No,3,No
100381,Male,30-50,No,3,No
100382,Female,<30,Yes,5,No
100383,Female,<30,No,5,No
100384,Female,<30,Yes,13,No
100385,Female,30-50,Yes,6,No
100386,Male,30-50,Yes,6,Yes
100387,Female,30-50,No,5,No
100388,Female,30-50,Yes,5,No
100389,Female,30-50,Yes,12,No
100390,Male,30-50,Yes,6,Yes
100391,Male,>50,Yes,7,No
100392,Male,30-50,No,7,Yes
100393,Female,>50,Yes,6,Yes
100394,Female,<30,No,4,No
100395,Male,>50,Yes,11,Yes
100396,Male,30-50,Yes,9,No
100397,Male,>50,Yes,5,No
100398,Female,>50,Yes,6,Yes
100399,Male,<30,No,1,No
100400,Female,>50,No,1,No
100401,Female,30-50,No,4,Yes
100402,Male,>50,Yes,12,No
100403,Female,30-50,No,7,Yes
100404,Male,30-50,Yes,13,No
100405,Female,<30,Yes,12,Yes
100406,Male,30-50,Yes,5,Yes
100407,Female,30-50,Yes,13,No
100408,Female,<30,No,4,No
100409,Female,<30,No,7,No
100410,Male,30-50,Yes,9,No
100411,Male,30-50,No,7,No
100412,Male,>50,No,4,No
100413,Female,30-50,No,1,No
100414,Female,<30,No,2,No
100415,Male,<30,Yes,11,No
100416,Female,30-50,Yes,8,Yes
100417,Male,30-50,Yes,11,No
100418,Male,30-50,Yes,7,Yes
100419,Male,30-50,Yes,6,No
100420,Female,<30,Yes,5,Yes
100421,Female,30-50,No,7,No
100422,Male,<30,No,4,No
100423,Female,30-50,Yes,12,No
100424,Female,<30,Yes,10,Yes
100425,Male,30-50,No,3,No
100426,Female,30-50,Yes,5,No
100427,Female,30-50,No,1,No
100428,Female,30-50,Yes,6,No
100429,Female,30-50,Yes,11,Yes
100430,Female,30-50,Yes,13,Yes
100431,Male,30-50,Yes,13,No
100432,Male,>50,No,4,No
100433,Male,>50,Yes,7,Yes
100434,Male,30-50,Yes,10,No
100435,Male,<30,No,3,No
100436,Male,<30,No,6,No
100437,Female,30-50,No,6,No
100438,Male,<30,No,3,No
100439,Female,>50,Yes,5,No
100440,Female,<30,Yes,13,Yes
100441,Female,30-50,Yes,5,Yes
100442,Male,<30,Yes,8,No
100443,Female,30-50,No,1,No
100444,Male,>50,Yes,11,No
100445,Male,30-50,Yes,7,Yes
100446,Female,30-50,No,3,No
100447,Female,30-50,Yes,11,No
100448,Male,30-50,Yes,13,Yes
100449,Female,30-50,No,1,No
100450,Male,>50,Yes,5,No
100451,Male,>50,Yes,7,Yes
100452,Female,>50,No,5,Yes
100453,Female,>50,Yes,12,No
100454,Female,30-50,Yes,5,Yes
100455,Female,<30,No,7,No
100456,Male,30-50,Yes,5,Yes
100457,Male,30-50,Yes,15,Yes
100458,Male,<30,Yes,9,No
100459,Female,30-50,No,3,No
100460,Female,30-50,No,3,No
100461,Female,<30,Yes,14,No
100462,Male,>50,No,7,No
100463,Female,30-50,No,3,No
100464,Female,30-50,Yes,5,Yes
100465,Female,<30,Yes,9,No
100466,Male,30-50,Yes,15,No
100467,Female,30-50,Yes,8,Yes
100468,Male,30-50,Yes,11,No
100469,Male,30-50,Yes,11,No
100470,Female,30-50,Yes,12,Yes
100471,Male,30-50,Yes,14,Yes
100472,Female,30-50,No,1,No
100473,Male,<30,No,4,No
100474,Male,30-50,No,3,No
100475,Female,30-50,No,5,Yes
100476,Male,30-50,Yes,8,Yes
100477,Female,30-50,Yes,12,Yes
100478,Male,30-50,No,7,No
100479,Female,30-50,Yes,8,No
100480,Male,30-50,Yes,11,Yes
100481,Male,30-50,No,3,No
100482,Female,<30,Yes,14,Yes
100483,Female,30-50,Yes,11,Yes
100484,Female,30-50,No,2,Yes
100485,Male,30-50,No,3,No
100486,Male,<30,Yes,13,No
100487,Female,<30,Yes,14,No
100488,Male,30-50,Yes,11,Yes
100489,Female,30-50,Yes,11,Yes
100490,Male,30-50,Yes,11,No
100491,Female,30-50,Yes,6,No
100492,Female,30-50,Yes,15,Yes
100493,Female,30-50,Yes,11,Yes
100494,Male,30-50,Yes,13,Yes
100495,Male,<30,No,3,No
100496,Female,>50,Yes,11,Yes
100497,Female,<30,Yes,11,No
100498,Female,30-50,Yes,5,Yes
100499,Female,30-50,Yes,8,Yes
100500,Female,30-50,No,7,Yes
100501,Male,30-50,Yes,8,Yes
100502,Male,30-50,Yes,12,Yes
100503,Female,30-50,Yes,14,Yes
100504,Male,30-50,No,4,No
100505,Female,<30,Yes,8,No
100506,Female,<30,Yes,10,Yes
100507,Female,<30,Yes,12,No
100508,Male,<30,No,4,No
100509,Female,30-50,Yes,8,No
100510,Female,<30,Yes,9,Yes
100511,Female,<30,No,4,No
100512,Female,30-50,No,3,No
100513,Female,30-50,Yes,8,Yes
100514,Male,>50,Yes,15,No
100515,Male,30-50,Yes,10,Yes
100516,Female,<30,Yes,5,Yes
100517,Female,30-50,No,7,Yes
100518,Female,30-50,Yes,12,Yes
100519,Male,30-50,No,1,No
100520,Female,30-50,Yes,10,No
100521,Female,>50,No,3,No
100522,Female,<30,Yes,6,No
100523,Female,>50,Yes,5,No
100524,Male,<30,Yes,10,No
100525,Male,>50,Yes,13,No
100526,Male,30-50,No,4,No
100527,Male,<30,No,1,Yes
100528,Male,30-50,Yes,12,No
100529,Female,>50,Yes,13,Yes
100530,Female,30-50,Yes,12,No
100531,Male,30-50,No,4,No
100532,Female,30-50,No,2,No
100533,Female,>50,Yes,13,Yes
100534,Male,30-50,Yes,13,No
100535,Female,30-50,Yes,13,No
100536,Male,30-50,Yes,11,Yes
100537,Male,<30,Yes,11,Yes
100538,Female,>50,Yes,6,Yes
100539,Female,30-50,Yes,9,Yes
100540,Female,30-50,No,5,No
100541,Male,>50,No,4,No
100542,Female,>50,No,6,Yes
100543,Female,30-50,No,1,No
100544,Female,30-50,Yes,7,Yes
100545,Male,<30,Yes,8,No
100546,Female,30-50,Yes,13,Yes
100547,Female,<30,Yes,14,Yes
100548,Male,<30,No,6,No
100549,Female,>50,No,1,No
100550,Female,<30,Yes,13,Yes
100551,Female,<30,Yes,13,No
100552,Male,<30,Yes,9,Yes
100553,Female,30-50,No,5,No
100554,Female,>50,No,2,No
100555,Male,30-50,No,5,No
100556,Female,>50,Yes,9,Yes
100557,Male,30-50,Yes,12,Yes
100558,Female,<30,Yes,6,Yes
100559,Male,30-50,No,2,No
100560,Male,30-50,Yes,8,Yes
100561,Female,30-50,No,6,No
100562,Male,30-50,Yes,15,Yes
100563,Female,>50,No,2,No
100564,Female,<30,Yes,7,No
100565,Female,>50,No,1,Yes
100566,Female,>50,Yes,9,No
100567,Male,30-50,Yes,8,Yes
100568,Male,<30,Yes,6,No
100569,Female,<30,Yes,11,Yes
100570,Female,30-50,Yes,11,Yes
100571,Female,30-50,No,3,Yes
100572,Male,>50,Yes,14,No
100573,Male,30-50,No,3,No
100574,Female,30-50,Yes,12,Yes
100575,Female,30-50,Yes,10,No
100576,Female,<30,No,3,Yes
100577,Female,<30,No,2,No
100578,Female,>50,No,2,No
100579,Female,30-50,Yes,13,Yes
100580,Female,<30,No,6,Yes
100581,Female,>50,Yes,7,Yes
100582,Female,>50,No,7,No
100583,Female,30-50,No,1,No
100584,Female,<30,No,7,No
100585,Female,30-50,Yes,5,No
100586,Female,30-50,Yes,10,No
100587,Male,>50,Yes,12,Yes
100588,Female,>50,Yes,10,Yes
100589,Female,30-50,Yes,9,No
100590,Male,<30,Yes,15,No
100591,Female,>50,Yes,12,Yes
100592,Female,>50,Yes,11,Yes
100593,Female,30-50,Yes,11,Yes
100594,Male,30-50,Yes,12,Yes
100595,Female,30-50,Yes,14,No
100596,Female,30-50,Yes,11,Yes
100597,Female,<30,Yes,7,Yes
100598,Female,<30,Yes,12,Yes
100599,Male,30-50,No,3,No
100600,Male,30-50,Yes,14,Yes
100601,Female,30-50,Yes,13,No
100602,Female,>50,No,4,No
100603,Female,30-50,Yes,7,Yes
100604,Female,<30,Yes,15,Yes
100605,Female,<30,No,2,No
100606,Female,30-50,No,2,No
100607,Female,30-50,No,2,No
100608,Male,<30,No,4,No
100609,Male,<30,Yes,5,No
100610,Male,30-50,No,4,No
100611,Female,>50,No,5,No
100612,Male,30-50,No,4,No
100613,Female,<30,No,7,No
100614,Female,30-50,Yes,5,Yes
100615,Male,<30,No,4,No
100616,Male,30-50,Yes,9,No
100617,Male,<30,Yes,9,No
100618,Female,30-50,No,5,Yes
100619,Female,30-50,Yes,10,Yes
100620,Male,30-50,Yes,8,Yes
100621,Female,>50,Yes,9,Yes
100622,Female,30-50,Yes,12,No
100623,Female,30-50,Yes,7,Yes
100624,Female,30-50,Yes,6,Yes
100625,Female,30-50,Yes,14,Yes
100626,Male,30-50,Yes,5,No
100627,Female,<30,Yes,5,No
100628,Female,30-50,Yes,9,Yes
100629,Male,<30,Yes,6,No
100630,Male,30-50,Yes,10,No
100631,Female,30-50,Yes,6,No
100632,Male,<30,No,7,No
100633,Male,30-50,No,7,Yes
100634,Female,>50,Yes,15,Yes
100635,Female,<30,Yes,15,No
100636,Female,30-50,Yes,9,Yes
100637,Male,30-50,No,6,No
100638,Female,<30,Yes,14,No
100639,Female,30-50,Yes,14,Yes
100640,Male,30-50,Yes,15,No
100641,Male,30-50,Yes,15,Yes
100642,Female,30-50,Yes,5,Yes
100643,Female,30-50,Yes,10,Yes
100644,Female,>50,No,7,No
100645,Male,30-50,Yes,8,Yes
100646,Male,>50,Yes,13,No
100647,Female,30-50,No,4,No
100648,Female,30-50,No,4,Yes
100649,Female,<30,No,2,No
100650,Male,<30,Yes,9,No
100651,Male,30-50,No,5,No
100652,Male,30-50,Yes,15,No
100653,Male,>50,No,2,No
100654,Female,30-50,No,4,No
100655,Female,30-50,Yes,8,No
100656,Male,30-50,No,4,No
100657,Male,>50,Yes,9,No
100658,Female,30-50,Yes,15,Yes
100659,Female,30-50,No,5,No
100660,Female,<30,Yes,7,No
100661,Male,>50,Yes,12,Yes
100662,Female,30-50,Yes,12,Yes
100663,Male,30-50,Yes,15,Yes
100664,Female,30-50,Yes,15,Yes
100665,Female,30-50,Yes,10,Yes
100666,Female,<30,Yes,9,No
100667,Female,<30,Yes,11,No
100668,Female,>50,Yes,12,No
100669,Female,>50,No,4,Yes
100670,Female,>50,No,5,No
100671,Male,30-50,No,3,No
100672,Male,>50,Yes,13,No
100673,Female,<30,Yes,14,Yes
100674,Female,<30,No,3,Yes
100675,Male,>50,No,5,No
100676,Male,>50,No,5,No
100677,Female,>50,Yes,6,No
100678,Male,30-50,Yes,6,No
100679,Female,<30,Yes,10,Yes
100680,Female,30-50,No,7,Yes
100681,Female,30-50,Yes,14,No
100682,Male,30-50,Yes,10,Yes
100683,Female,<30,Yes,11,Yes
100684,Female,30-50,Yes,14,Yes
100685,Male,30-50,No,2,No
100686,Female,30-50,Yes,13,Yes
100687,Female,30-50,Yes,8,Yes
100688,Female,30-50,Yes,13,No
100689,Male,30-50,No,6,No
100690,Male,30-50,Yes,10,Yes
100691,Male,30-50,Yes,14,No
100692,Female,>50,No,1,No
100693,Male,>50,Yes,15,No
100694,Female,>50,No,6,Yes
100695,Female,>50,Yes,9,Yes
100696,Female,>50,Yes,7,Yes
100697,Female,30-50,Yes,9,No
100698,Male,<30,Yes,8,Yes
100699,Female,<30,Yes,13,No
100700,Female,30-50,Yes,13,Yes
100701,Female,<30,No,6,No
100702,Male,30-50,Yes,12,Yes
100703,Female,<30,Yes,13,Yes
100704,Male,30-50,Yes,9,Yes
100705,Female,>50,Yes,8,Yes
100706,Male,30-50,No,4,No
100707,Female,30-50,No,3,No
100708,Female,>50,Yes,11,Yes
100709,Female,30-50,No,5,Yes
100710,Male,>50,No,1,No
100711,Female,>50,No,6,Yes
100712,Female,<30,Yes,6,No
100713,Female,30-50,No,7,Yes
100714,Male,>50,No,3,No
100715,Female,<30,Yes,10,No
100716,Female,<30,Yes,12,Yes
100717,Male,30-50,Yes,12,Yes
100718,Female,<30,Yes,12,Yes
100719,Male,30-50,Yes,5,Yes
100720,Male,<30,No,6,No
100721,Female,30-50,Yes,8,Yes
100722,Female,30-50,No,5,Yes
100723,Female,>50,Yes,9,Yes
100724,Male,30-50,No,2,No
100725,Female,30-50,Yes,10,No
100726,Female,30-50,No,6,No
100727,Male,>50,Yes,6,No
100728,Female,>50,Yes,13,No
100729,Male,30-50,Yes,12,No
100730,Male,30-50,Yes,11,No
100731,Female,30-50,Yes,11,No
100732,Female,30-50,Yes,11,Yes
100733,Male,30-50,Yes,9,Yes
100734,Male,30-50,No,1,No
100735,Female,30-50,Yes,10,No
100736,Female,30-50,No,3,No
100737,Female,30-50,No,6,Yes
100738,Male,30-50,No,4,No
100739,Male,>50,No,3,No
100740,Female,30-50,Yes,5,Yes
100741,Female,30-50,No,6,No
100742,Female,>50,Yes,11,No
100743,Female,30-50,Yes,7,No
100744,Female,>50,Yes,7,No
100745,Female,30-50,No,3,No
100746,Female,>50,Yes,8,Yes
100747,Female,>50,No,2,No
100748,Female,30-50,Yes,8,Yes
100749,Female,30-50,Yes,14,No
100750,Female,<30,Yes,5,Yes
100751,Male,>50,Yes,13,No
100752,Male,>50,Yes,14,Yes
100753,Male,30-50,Yes,7,No
100754,Female,30-50,Yes,6,No
100755,Male,30-50,Yes,6,No
100756,Female,>50,No,3,No
100757,Male,<30,No,5,No
100758,Female,<30,Yes,9,Yes
100759,Female,>50,No,4,No
100760,Female,<30,Yes,5,Yes
100761,Female,>50,Yes,8,Yes
100762,Female,30-50,No,7,No
100763,Female,30-50,No,3,Yes
100764,Female,>50,No,4,No
100765,Female,<30,Yes,14,Yes
100766,Female,<30,Yes,15,Yes
100767,Male,30-50,Yes,8,Yes
100768,Female,<30,Yes,7,No
100769,Male,<30,Yes,12,No
100770,Female,<30,No,4,No
100771,Female,<30,Yes,13,No
100772,Male,30-50,Yes,8,No
100773,Male,<30,Yes,5,No
100774,Female,>50,Yes,10,Yes
100775,Female,<30,Yes,13,No
100776,Male,30-50,Yes,10,Yes
100777,Male,30-50,No,4,No
100778,Male,30-50,Yes,9,No
100779,Female,30-50,Yes,14,Yes
100780,Female,30-50,Yes,13,No
100781,Female,30-50,Yes,9,No
100782,Female,<30,Yes,5,Yes
100783,Male,30-50,Yes,9,Yes
100784,Male,30-50,No,7,No
100785,Male,30-50,Yes,8,Yes
100786,Female,30-50,Yes,15,Yes
100787,Female,>50,No,6,No
100788,Female,30-50,Yes,5,No
100789,Male,30-50,Yes,8,Yes
100790,Female,>50,Yes,10,Yes
100791,Male,30-50,Yes,13,No
100792,Male,<30,No,4,No
100793,Female,<30,Yes,13,No
100794,Female,30-50,Yes,7,Yes
100795,Male,>50,Yes,15,No
100796,Male,>50,Yes,10,No
100797,Female,>50,Yes,12,No
100798,Male,<30,Yes,5,No
100799,Male,<30,Yes,5,No
100800,Male,<30,Yes,10,Yes
100801,Male,30-50,No,7,Yes
100802,Female,30-50,Yes,6,Yes
100803,Male,>50,Yes,14,Yes
100804,Female,30-50,No,3,No
100805,Female,30-50,Yes,12,Yes
100806,Female,<30,Yes,10,Yes
100807,Male,<30,No,2,No
100808,Female,30-50,Yes,15,No
100809,Male,30-50,Yes,8,Yes
100810,Female,30-50,Yes,6,Yes
100811,Female,30-50,Yes,5,Yes
100812,Female,30-50,No,7,No
100813,Male,30-50,Yes,7,Yes
100814,Female,<30,Yes,15,No
100815,Male,<30,No,6,Yes
100816,Female,30-50,No,2,No
100817,Male,30-50,No,6,Yes
100818,Male,>50,No,4,No
100819,Female,<30,No,1,No
100820,Male,<30,No,4,No
100821,Male,30-50,No,3,Yes
100822,Male,30-50,No,1,No
100823,Female,>50,Yes,11,No
100824,Female,30-50,Yes,10,Yes
100825,Male,>50,Yes,9,No
100826,Female,>50,Yes,6,No
100827,Male,30-50,No,4,Yes
100828,Female,30-50,Yes,11,Yes
100829,Female,30-50,Yes,14,No
100830,Female,30-50,No,1,No
100831,Male,>50,Yes,7,Yes
100832,Female,>50,No,3,No
100833,Female,30-50,No,5,Yes
100834,Male,<30,Yes,11,No
100835,Female,30-50,No,3,Yes
100836,Male,30-50,Yes,6,No
100837,Male,30-50,Yes,10,No
100838,Male,<30,Yes,6,No
100839,Female,30-50,Yes,15,Yes
100840,Female,>50,Yes,9,No
100841,Female,30-50,Yes,11,Yes
100842,Female,30-50,Yes,14,Yes
100843,Female,30-50,Yes,7,Yes
100844,Female,<30,No,3,No
100845,Female,>50,No,4,No
100846,Female,30-50,No,2,Yes
100847,Male,>50,Yes,10,No
100848,Male,<30,Yes,12,No
100849,Male,30-50,Yes,14,Yes
100850,Female,>50,Yes,12,Yes
100851,Male,30-50,No,5,No
100852,Female,30-50,No,7,No
100853,Female,<30,No,1,No
100854,Male,30-50,Yes,9,No
100855,Female,30-50,Yes,5,No
100856,Female,30-50,Yes,8,No
100857,Female,30-50,No,5,Yes
100858,Female,30-50,No,4,No
100859,Female,30-50,Yes,12,Yes
100860,Female,30-50,No,2,No
100861,Female,<30,No,1,No
100862,Female,<30,No,4,No
100863,Female,>50,Yes,10,Yes
100864,Female,>50,Yes,14,No
100865,Male,<30,Yes,6,Yes
100866,Female,30-50,No,1,No
100867,Female,30-50,Yes,14,Yes
100868,Male,>50,Yes,9,No
100869,Female,<30,Yes,14,Yes
100870,Female,>50,Yes,11,Yes
100871,Male,<30,No,2,No
100872,Female,<30,Yes,14,No
100873,Female,>50,Yes,5,No
100874,Male,30-50,No,6,No
100875,Male,30-50,Yes,7,Yes
100876,Male,30-50,Yes,15,No
100877,Female,>50,No,5,No
100878,Male,30-50,No,6,No
100879,Male,30-50,Yes,9,No
100880,Female,>50,No,7,No
100881,Female,<30,Yes,9,Yes
100882,Female,>50,No,4,No
100883,Male,30-50,Yes,8,Yes
100884,Female,30-50,Yes,6,Yes
100885,Female,<30,Yes,14,No
100886,Female,30-50,Yes,8,No
100887,Female,30-50,Yes,5,Yes
100888,Male,<30,Yes,13,No
100889,Female,>50,Yes,6,No
100890,Female,30-50,Yes,9,Yes
100891,Female,30-50,No,6,No
100892,Female,30-50,No,6,No
100893,Male,30-50,Yes,14,Yes
100894,Male,30-50,Yes,15,Yes
100895,Male,>50,Yes,13,Yes
100896,Male,30-50,No,4,Yes
100897,Male,<30,Yes,15,No
100898,Female,30-50,Yes,14,No
100899,Male,<30,No,4,No
100900,Male,<30,Yes,5,No
100901,Female,30-50,Yes,5,No
100902,Male,>50,Yes,9,No
100903,Male,<30,Yes,5,No
100904,Male,>50,No,5,No
100905,Female,30-50,Yes,14,No
100906,Male,30-50,No,3,No
100907,Female,30-50,Yes,5,No
100908,Female,30-50,No,6,No
100909,Female,>50,Yes,13,No
100910,Female,30-50,Yes,9,Yes
100911,Male,30-50,No,4,No
100912,Female,30-50,No,4,Yes
100913,Female,<30,No,2,No
100914,Female,>50,Yes,10,Yes
100915,Female,<30,Yes,13,No
100916,Female,30-50,Yes,15,Yes
100917,Female,30-50,Yes,11,Yes
100918,Female,30-50,No,1,Yes
100919,Female,30-50,No,2,No
100920,Female,30-50,No,6,Yes
100921,Female,30-50,Yes,13,Yes
100922,Male,>50,No,4,No
100923,Female,>50,Yes,12,No
100924,Female,30-50,No,2,No
100925,Male,<30,No,7,No
100926,Male,<30,No,1,No
100927,Female,<30,Yes,9,No
100928,Male,>50,No,7,No
100929,Female,>50,No,7,No
100930,Male,>50,Yes,14,No
100931,Male,30-50,Yes,14,Yes
100932,Male,30-50,Yes,9,Yes
100933,Female,>50,No,2,No
100934,Male,<30,Yes,9,No
100935,Male,30-50,No,3,No
100936,Male,30-50,Yes,11,Yes
100937,Female,>50,Yes,13,No
100938,Female,30-50,Yes,7,No
100939,Male,<30,Yes,6,No
100940,Male,>50,Yes,7,Yes
100941,Female,30-50,Yes,9,Yes
100942,Female,>50,Yes,9,No
100943,Female,30-50,Yes,5,No
100944,Male,30-50,Yes,6,Yes
100945,Male,<30,Yes,12,No
100946,Female,<30,No,6,Yes
100947,Male,30-50,Yes,10,No
100948,Female,30-50,No,6,No
100949,Female,30-50,Yes,15,Yes
100950,Male,30-50,No,2,No
100951,Male,<30,Yes,10,Yes
100952,Male,30-50,Yes,10,Yes
100953,Female,30-50,Yes,6,Yes
100954,Female,30-50,Yes,13,No
100955,Female,<30,No,2,No
100956,Male,30-50,Yes,12,No
100957,Male,30-50,Yes,14,No
100958,Male,30-50,Yes,14,Yes
100959,Male,<30,Yes,7,No
100960,Female,30-50,Yes,10,Yes
100961,Male,30-50,No,7,No
100962,Female,30-50,Yes,7,No
100963,Female,30-50,Yes,15,No
100964,Female,<30,Yes,5,No
100965,Female,30-50,No,3,No
100966,Female,>50,Yes,15,Yes
100967,Female,<30,No,5,No
100968,Male,<30,No,6,No
100969,Female,30-50,Yes,10,Yes
100970,Female,30-50,Yes,13,No
100971,Female,>50,No,5,No
100972,Female,30-50,No,1,No
100973,Male,30-50,Yes,15,Yes
100974,Female,30-50,Yes,9,Yes
100975,Female,30-50,Yes,11,Yes
100976,Male,<30,No,2,No
100977,Female,30-50,Yes,7,No
100978,Male,>50,Yes,12,No
100979,Female,30-50,Yes,11,Yes
100980,Female,<30,Yes,12,Yes
100981,Male,30-50,No,7,No
100982,Female,<30,No,3,Yes
100983,Male,30-50,No,4,No
100984,Male,30-50,No,7,No
100985,Female,<30,Yes,15,No
100986,Male,>50,No,4,No
100987,Male,>50,No,5,No
100988,Male,<30,No,3,Yes
100989,Female,30-50,Yes,10,Yes
100990,Male,30-50,No,1,Yes
100991,Female,>50,Yes,11,Yes
100992,Male,>50,No,4,No
100993,Female,30-50,Yes,13,Yes
100994,Male,30-50,No,5,No
100995,Female,30-50,No,4,Yes
100996,Male,30-50,Yes,13,No
100997,Female,<30,Yes,10,Yes
100998,Male,<30,Yes,6,No
100999,Male,>50,No,3,No
101000,Male,>50,Yes,9,Yes
101001,Male,>50,Yes,10,Yes
101002,Female,<30,Yes,9,Yes
101003,Male,>50,Yes,11,No
101004,Female,<30,No,3,No
101005,Female,<30,No,6,No
101006,Male,30-50,Yes,5,Yes
101007,Male,<30,Yes,5,No
101008,Female,>50,Yes,12,No
101009,Female,30-50,Yes,12,Yes
101010,Male,<30,Yes,5,No
101011,Female,30-50,Yes,13,Yes
101012,Male,<30,Yes,10,No
101013,Male,30-50,Yes,8,No
101014,Female,>50,Yes,11,Yes
101015,Male,<30,Yes,8,No
101016,Female,30-50,Yes,10,No
101017,Female,30-50,No,1,No
101018,Female,30-50,Yes,10,Yes
101019,Male,>50,No,3,No
101020,Male,>50,No,6,No
101021,Female,30-50,Yes,12,Yes
101022,Female,30-50,Yes,15,Yes
101023,Female,30-50,Yes,6,No
101024,Male,30-50,Yes,7,No
101025,Female,>50,Yes,12,Yes
101026,Female,30-50,Yes,10,No
101027,Male,30-50,No,6,Yes
101028,Male,30-50,Yes,14,Yes
101029,Female,>50,No,1,Yes
101030,Female,<30,No,2,No
101031,Male,30-50,No,1,No
101032,Male,30-50,Yes,7,No
101033,Male,<30,No,4,No
101034,Male,>50,Yes,5,Yes
101035,Male,30-50,No,2,Yes
101036,Female,>50,Yes,7,No
101037,Female,30-50,Yes,7,Yes
101038,Male,30-50,Yes,13,No
101039,Female,30-50,No,6,No
101040,Male,>50,No,1,No
101041,Male,>50,No,2,No
101042,Female,<30,Yes,10,No
101043,Female,30-50,No,4,Yes
101044,Male,<30,Yes,12,No
101045,Female,30-50,Yes,13,Yes
101046,Male,<30,Yes,12,Yes
101047,Female,<30,Yes,12,No
101048,Female,30-50,Yes,9,Yes
101049,Male,30-50,Yes,12,No
101050,Male,>50,No,3,No
101051,Female,30-50,No,7,No
101052,Male,>50,Yes,14,Yes
101053,Female,<30,Yes,8,No
101054,Male,30-50,No,3,No
101055,Female,<30,No,5,No
101056,Male,>50,Yes,13,No
101057,Male,30-50,Yes,6,Yes
101058,Male,30-50,Yes,14,Yes
101059,Male,>50,Yes,15,No
101060,Male,30-50,Yes,14,No
101061,Female,30-50,Yes,14,Yes
101062,Female,<30,Yes,11,Yes
101063,Female,30-50,Yes,12,Yes
101064,Female,>50,No,1,No
101065,Male,30-50,No,4,Yes
101066,Male,30-50,No,6,No
101067,Female,<30,Yes,13,Yes
101068,Female,<30,Yes,11,No
101069,Female,30-50,No,5,No
101070,Male,30-50,No,6,No
101071,Male,<30,No,1,No
101072,Male,<30,No,4,No
101073,Male,<30,Yes,6,Yes
101074,Female,30-50,Yes,11,No
101075,Male,30-50,Yes,12,No
101076,Female,30-50,Yes,15,Yes
101077,Female,30-50,No,4,No
101078,Male,<30,Yes,7,Yes
101079,Female,>50,Yes,8,Yes
101080,Female,30-50,Yes,12,No
101081,Male,30-50,Yes,12,No
101082,Male,30-50,No,3,No
101083,Female,>50,No,3,No
101084,Male,<30,Yes,7,Yes
101085,Female,>50,No,5,No
101086,Male,30-50,No,1,No
101087,Male,<30,Yes,15,No
101088,Female,30-50,Yes,5,Yes
101089,Female,>50,Yes,13,No
101090,Female,30-50,No,4,No
101091,Male,>50,No,3,No
101092,Female,>50,Yes,9,No
101093,Male,30-50,Yes,8,Yes
101094,Female,30-50,No,5,No
101095,Male,30-50,No,6,No
101096,Male,<30,No,1,No
101097,Female,30-50,No,6,Yes
101098,Male,30-50,Yes,14,No
101099,Female,30-50,No,2,No
101100,Male,<30,Yes,15,Yes
101101,Male,30-50,Yes,6,No
101102,Female,30-50,Yes,14,Yes
101103,Male,30-50,Yes,8,No
101104,Female,>50,No,4,No
101105,Male,>50,Yes,10,Yes
101106,Male,30-50,Yes,5,No
101107,Male,30-50,Yes,11,No
101108,Male,30-50,Yes,9,No
101109,Female,<30,Yes,5,No
101110,Female,>50,Yes,13,Yes
101111,Female,<30,Yes,11,No
101112,Female,<30,No,1,Yes
101113,Male,>50,No,5,Yes
101114,Male,>50,No,6,No
101115,Female,30-50,No,1,Yes
101116,Female,30-50,Yes,15,Yes
101117,Female,30-50,No,6,No
101118,Female,30-50,Yes,12,No
101119,Male,30-50,Yes,13,Yes
101120,Male,30-50,Yes,6,Yes
101121,Female,30-50,No,6,Yes
101122,Male,30-50,No,3,No
101123,Male,<30,Yes,15,Yes
101124,Female,<30,No,3,No
101125,Female,<30,Yes,6,No
101126,Female,30-50,Yes,13,Yes
101127,Male,>50,Yes,9,No
101128,Male,30-50,Yes,9,Yes
101129,Female,>50,No,7,Yes
101130,Female,30-50,Yes,5,Yes
101131,Male,30-50,Yes,7,Yes
101132,Male,<30,Yes,12,No
101133,Female,30-50,Yes,10,No
101134,Female,30-50,No,1,No
101135,Female,30-50,Yes,12,Yes
101136,Female,30-50,Yes,5,Yes
101137,Female,30-50,Yes,12,Yes
101138,Female,>50,No,4,No
101139,Female,>50,Yes,10,No
101140,Female,<30,Yes,13,Yes
101141,Female,30-50,No,7,No
101142,Female,30-50,Yes,15,No
101143,Female,30-50,Yes,13,No
101144,Male,<30,Yes,8,No
101145,Female,<30,No,4,No
101146,Female,<30,No,5,No
101147,Male,30-50,Yes,5,No
101148,Female,<30,Yes,5,No
101149,Male,>50,Yes,13,No
101150,Female,>50,Yes,15,Yes
101151,Female,30-50,No,3,No
101152,Male,<30,No,4,No
101153,Male,<30,No,4,No
101154,Female,30-50,Yes,5,Yes
101155,Male,>50,No,1,No
101156,Female,30-50,Yes,7,No
101157,Male,30-50,Yes,6,No
101158,Female,30-50,No,3,No
101159,Female,>50,Yes,14,Yes
101160,Female,<30,Yes,9,No
101161,Female,<30,Yes,11,No
101162,Female,>50,Yes,11,No
101163,Female,30-50,No,7,Yes
101164,Female,>50,No,1,No
101165,Male,30-50,Yes,12,No
101166,Male,>50,Yes,15,No
101167,Male,<30,Yes,7,No
101168,Male,<30,Yes,8,Yes
101169,Male,30-50,No,3,No
101170,Female,30-50,Yes,14,Yes
101171,Male,30-50,No,3,Yes
101172,Male,>50,Yes,13,Yes
101173,Female,30-50,No,3,Yes
101174,Male,>50,Yes,15,No
101175,Male,>50,Yes,7,No
101176,Female,>50,Yes,9,No
101177,Female,<30,Yes,12,No
101178,Female,<30,Yes,13,Yes
101179,Male,<30,No,4,No
101180,Male,30-50,Yes,11,No
101181,Male,30-50,No,5,No
101182,Male,<30,Yes,6,No
101183,Male,<30,Yes,13,Yes
101184,Male,30-50,No,4,No
101185,Male,30-50,No,6,No
101186,Male,>50,No,7,No
101187,Male,>50,Yes,7,No
101188,Male,30-50,Yes,10,Yes
101189,Female,30-50,No,7,No
101190,Male,<30,Yes,13,Yes
101191,Female,30-50,Yes,13,Yes
101192,Female,30-50,No,7,No
101193,Male,<30,Yes,8,No
101194,Female,30-50,Yes,7,No
101195,Male,>50,Yes,9,Yes
101196,Female,30-50,Yes,14,Yes
101197,Male,30-50,No,7,Yes
101198,Female,30-50,Yes,13,Yes
101199,Female,<30,Yes,6,Yes
101200,Male,30-50,Yes,5,No
101201,Female,30-50,Yes,10,No
101202,Female,30-50,Yes,13,Yes
101203,Female,30-50,Yes,12,Yes
101204,Female,30-50,No,1,No
101205,Female,>50,Yes,15,No
101206,Male,>50,Yes,8,Yes
101207,Female,30-50,Yes,8,No
101208,Male,<30,Yes,10,Yes
101209,Female,30-50,Yes,10,Yes
101210,Female,30-50,Yes,13,Yes
101211,Male,30-50,No,3,No
101212,Female,30-50,Yes,9,Yes
101213,Male,>50,No,7,No
101214,Female,<30,No,1,No
101215,Female,30-50,No,6,No
101216,Female,>50,Yes,11,Yes
101217,Male,30-50,Yes,6,Yes
101218,Male,<30,Yes,12,Yes
101219,Female,>50,Yes,9,Yes
101220,Female,30-50,Yes,7,Yes
101221,Female,30-50,Yes,14,Yes
101222,Male,<30,No,3,No
101223,Female,>50,No,5,No
101224,Female,<30,Yes,13,Yes
101225,Male,30-50,Yes,5,Yes
101226,Male,30-50,Yes,11,No
101227,Female,30-50,Yes,11,No
101228,Female,>50,Yes,11,No
101229,Female,30-50,Yes,5,Yes
101230,Female,30-50,Yes,12,No
101231,Female,>50,Yes,13,No
101232,Male,<30,No,1,No
101233,Female,>50,Yes,7,No
101234,Female,30-50,No,4,No
101235,Female,30-50,Yes,14,No
101236,Female,30-50,No,5,Yes
101237,Male,>50,No,4,No
101238,Female,<30,Yes,9,Yes
101239,Male,30-50,Yes,12,Yes
101240,Male,30-50,Yes,14,Yes
101241,Female,30-50,No,2,Yes
101242,Female,30-50,Yes,13,No
101243,Male,<30,No,1,No
101244,Female,30-50,Yes,8,No
101245,Male,<30,No,4,No
101246,Male,30-50,No,7,No
101247,Female,30-50,Yes,7,No
101248,Female,30-50,No,6,No
101249,Female,30-50,Yes,13,Yes
101250,Male,>50,Yes,10,No
101251,Female,<30,Yes,9,Yes
101252,Male,30-50,No,4,No
101253,Male,<30,Yes,9,No
101254,Male,30-50,Yes,14,Yes
101255,Male,<30,Yes,8,No
101256,Female,>50,Yes,9,Yes
101257,Male,>50,Yes,5,No
101258,Male,>50,Yes,11,No
101259,Female,<30,No,3,No
101260,Male,30-50,Yes,6,Yes
101261,Female,30-50,Yes,8,Yes
101262,Female,30-50,No,5,No
101263,Female,30-50,No,5,Yes
101264,Female,>50,No,3,No
101265,Male,30-50,Yes,15,Yes
101266,Female,<30,No,2,No
101267,Female,30-50,No,7,No
101268,Female,>50,No,2,Yes
101269,Male,<30,Yes,5,No
101270,Female,>50,No,6,No
101271,Female,30-50,Yes,6,Yes
101272,Female,30-50,Yes,10,No
101273,Female,30-50,No,3,No
101274,Male,<30,Yes,8,No
101275,Female,>50,Yes,8,Yes
101276,Female,30-50,Yes,5,No
101277,Female,<30,Yes,5,Yes
101278,Female,30-50,No,1,No
101279,Female,<30,Yes,14,No
101280,Female,>50,Yes,10,No
101281,Male,30-50,Yes,5,No
101282,Female,30-50,Yes,9,Yes
101283,Female,30-50,No,4,No
101284,Male,30-50,Yes,11,No
101285,Female,>50,No,1,No
101286,Male,>50,Yes,12,No
101287,Female,30-50,Yes,8,No
101288,Male,30-50,Yes,6,No
101289,Male,<30,Yes,12,No
101290,Male,>50,Yes,10,No
101291,Female,<30,No,3,No
101292,Female,<30,Yes,8,No
101293,Female,30-50,No,2,Yes
101294,Male,>50,Yes,9,No
101295,Male,30-50,Yes,12,Yes
101296,Female,30-50,Yes,11,Yes
101297,Female,<30,No,5,No
101298,Male,<30,Yes,7,No
101299,Male,<30,No,6,No
101300,Female,<30,Yes,9,Yes
101301,Male,30-50,No,2,No
101302,Female,30-50,No,2,No
101303,Female,<30,Yes,6,No
101304,Male,>50,Yes,5,No
101305,Male,30-50,No,3,No
101306,Female,>50,No,6,No
101307,Female,<30,No,4,No
101308,Female,30-50,No,3,Yes
101309,Male,30-50,No,4,No
101310,Female,30-50,No,6,Yes
101311,Male,>50,No,7,No
101312,Female,>50,No,4,No
101313,Male,30-50,Yes,13,No
101314,Male,30-50,Yes,11,No
101315,Female,30-50,Yes,9,Yes
101316,Female,30-50,No,7,Yes
101317,Female,30-50,No,7,No
101318,Male,>50,Yes,15,No
101319,Male,<30,Yes,11,No
101320,Female,30-50,Yes,5,Yes
101321,Female,<30,Yes,11,Yes
101322,Female,30-50,No,3,No
101323,Male,30-50,Yes,7,No
101324,Female,>50,Yes,11,No
101325,Female,30-50,Yes,8,No
101326,Male,30-50,No,3,Yes
101327,Male,<30,Yes,10,No
101328,Male,30-50,Yes,14,Yes
101329,Female,30-50,Yes,9,No
101330,Male,<30,Yes,13,Yes
101331,Male,30-50,No,3,No
101332,Female,30-50,Yes,12,No
101333,Female,30-50,Yes,14,Yes
101334,Female,<30,Yes,12,No
101335,Female,>50,Yes,14,Yes
101336,Male,>50,Yes,5,No
101337,Male,>50,Yes,11,No
101338,Male,<30,No,4,No
101339,Female,>50,Yes,8,No
101340,Female,>50,Yes,7,No
101341,Female,30-50,Yes,12,Yes
101342,Male,30-50,Yes,15,No
101343,Female,>50,No,1,No
101344,Female,<30,Yes,7,No
101345,Male,30-50,No,4,No
101346,Female,>50,Yes,8,No
101347,Female,<30,Yes,13,Yes
101348,Male,30-50,Yes,8,No
101349,Male,>50,Yes,13,No
101350,Female,30-50,Yes,6,No
101351,Female,30-50,Yes,11,Yes
101352,Female,30-50,No,3,Yes
101353,Female,<30,No,7,No
101354,Female,30-50,Yes,13,Yes
101355,Female,30-50,No,1,No
101356,Female,30-50,No,2,Yes
101357,Male,30-50,Yes,7,Yes
101358,Male,<30,Yes,10,Yes
101359,Male,<30,No,1,No
101360,Male,30-50,Yes,10,No
101361,Male,<30,No,4,No
101362,Female,30-50,No,5,No
101363,Female,>50,No,1,No
101364,Male,>50,Yes,14,No
101365,Male,<30,Yes,8,Yes
101366,Female,>50,No,7,No
101367,Female,30-50,Yes,5,Yes
101368,Male,30-50,Yes,7,No
101369,Female,30-50,No,7,No
101370,Male,>50,Yes,5,No
101371,Female,<30,No,6,No
101372,Male,>50,No,6,No
101373,Female,>50,Yes,13,No
101374,Female,<30,Yes,6,Yes
101375,Female,30-50,No,3,No
101376,Male,30-50,Yes,6,No
101377,Female,30-50,Yes,8,Yes
101378,Male,>50,Yes,12,No
101379,Female,>50,Yes,7,No
101380,Female,>50,Yes,15,No
101381,Female,>50,Yes,13,Yes
101382,Male,30-50,Yes,15,No
101383,Female,30-50,Yes,15,Yes
101384,Female,<30,No,5,No
101385,Male,>50,No,7,No
101386,Female,>50,Yes,5,Yes
101387,Female,>50,Yes,7,No
101388,Male,<30,Yes,7,No
101389,Female,30-50,Yes,7,Yes
101390,Female,>50,No,5,No
101391,Male,30-50,Yes,13,No
101392,Female,<30,Yes,14,Yes
101393,Female,>50,Yes,9,No
101394,Male,30-50,No,3,No
101395,Female,<30,No,3,Yes
101396,Female,30-50,No,3,No
101397,Male,<30,No,1,Yes
101398,Female,30-50,Yes,12,No
101399,Female,30-50,Yes,11,Yes
101400,Female,30-50,Yes,14,Yes
101401,Female,<30,Yes,11,No
101402,Female,>50,Yes,11,No
101403,Male,30-50,Yes,12,Yes
101404,Female,<30,No,5,Yes
101405,Male,30-50,No,3,No
101406,Female,30-50,Yes,13,No
101407,Female,>50,Yes,10,Yes
101408,Female,30-50,Yes,5,No
101409,Male,<30,Yes,12,Yes
101410,Female,>50,Yes,11,No
101411,Female,30-50,No,2,Yes
101412,Male,<30,No,2,No
101413,Female,>50,Yes,9,No
101414,Female,>50,No,3,No
101415,Female,<30,No,2,No
101416,Female,30-50,No,1,No
101417,Male,>50,No,4,No
101418,Female,<30,No,6,No
101419,Male,30-50,No,7,Yes
101420,Female,30-50,Yes,9,Yes
101421,Female,<30,Yes,10,No
101422,Female,<30,Yes,15,No
101423,Male,<30,No,5,No
101424,Female,30-50,Yes,15,No
101425,Female,>50,Yes,15,Yes
101426,Male,30-50,Yes,7,No
101427,Female,30-50,Yes,10,Yes
101428,Female,>50,Yes,7,No
101429,Female,>50,No,7,No
101430,Male,<30,Yes,6,No
101431,Male,<30,Yes,5,No
101432,Female,30-50,Yes,9,No
101433,Male,<30,Yes,12,Yes
101434,Male,>50,Yes,13,No
101435,Male,>50,Yes,6,No
101436,Female,<30,Yes,8,Yes
101437,Female,30-50,No,5,No
101438,Female,>50,Yes,8,No
101439,Male,<30,Yes,14,No
101440,Female,>50,Yes,7,Yes
101441,Female,30-50,Yes,12,Yes
101442,Female,<30,No,5,Yes
101443,Male,30-50,Yes,11,No
101444,Female,30-50,No,5,No
101445,Male,<30,No,6,Yes
101446,Female,30-50,Yes,14,Yes
101447,Female,<30,Yes,9,No
101448,Female,30-50,Yes,8,Yes
101449,Female,30-50,No,3,No
101450,Female,<30,Yes,7,Yes
101451,Male,>50,Yes,14,No
101452,Male,<30,Yes,14,Yes
101453,Female,<30,Yes,9,No
101454,Female,>50,Yes,15,Yes
101455,Female,<30,No,3,No
101456,Female,<30,No,4,No
101457,Female,30-50,Yes,6,Yes
101458,Female,30-50,No,5,No
101459,Male,30-50,Yes,5,No
101460,Female,30-50,Yes,11,Yes
101461,Female,<30,No,4,Yes
101462,Male,30-50,No,4,No
101463,Male,30-50,Yes,6,Yes
101464,Male,30-50,No,5,Yes
101465,Female,30-50,Yes,14,Yes
101466,Female,>50,Yes,13,No
101467,Female,30-50,Yes,7,Yes
101468,Male,30-50,Yes,15,No
101469,Male,<30,Yes,15,No
101470,Female,<30,Yes,8,Yes
101471,Male,<30,No,6,No
101472,Female,30-50,No,5,Yes
101473,Male,<30,No,7,No
101474,Female,>50,Yes,6,No
101475,Female,>50,Yes,12,Yes
101476,Male,>50,Yes,11,No
101477,Male,30-50,Yes,12,Yes
101478,Female,30-50,Yes,11,Yes
101479,Female,30-50,No,3,No
101480,Female,30-50,Yes,7,Yes
101481,Female,30-50,No,2,Yes
101482,Male,30-50,Yes,5,Yes
101483,Female,>50,Yes,12,No
101484,Female,30-50,Yes,13,Yes
101485,Male,30-50,No,2,No
101486,Male,>50,No,4,No
101487,Male,>50,Yes,6,No
101488,Female,>50,No,1,No
101489,Female,30-50,No,3,No
101490,Female,30-50,No,2,Yes
101491,Female,<30,Yes,7,No
101492,Male,30-50,Yes,13,No
101493,Male,30-50,No,6,No
101494,Male,30-50,Yes,11,Yes
101495,Female,>50,Yes,6,Yes
101496,Female,30-50,Yes,11,Yes
101497,Male,30-50,No,7,No
101498,Male,>50,Yes,15,No
101499,Female,30-50,Yes,8,Yes
101500,Male,30-50,No,4,No
101501,Female,30-50,No,4,Yes
101502,Male,<30,No,4,No
101503,Female,>50,Yes,11,No
101504,Female,30-50,Yes,9,Yes
101505,Female,30-50,Yes,11,No
101506,Female,30-50,No,2,Yes
101507,Male,30-50,Yes,5,No
101508,Male,30-50,No,6,Yes
101509,Female,30-50,No,2,No
101510,Female,>50,No,1,No
101511,Male,<30,Yes,15,Yes
101512,Male,>50,Yes,12,No
101513,Male,30-50,No,4,No
101514,Female,>50,No,5,No
101515,Female,30-50,Yes,5,Yes
101516,Female,30-50,Yes,11,Yes
101517,Female,>50,Yes,11,Yes
101518,Female,30-50,Yes,10,Yes
101519,Female,30-50,Yes,14,Yes
101520,Female,<30,Yes,14,Yes
101521,Male,30-50,No,5,Yes
101522,Male,30-50,No,5,No
101523,Female,<30,No,7,No
101524,Male,30-50,No,4,Yes
101525,Female,30-50,No,1,Yes
101526,Female,<30,No,3,Yes
101527,Male,30-50,No,4,No
101528,Female,30-50,No,4,Yes
101529,Female,30-50,Yes,5,Yes
101530,Male,30-50,Yes,9,No
101531,Male,30-50,No,4,No
101532,Female,<30,Yes,5,Yes
101533,Male,>50,Yes,11,No
101534,Male,>50,Yes,12,No
101535,Female,<30,No,3,No
101536,Male,<30,Yes,12,No
101537,Female,30-50,Yes,5,No
101538,Female,30-50,Yes,7,Yes
101539,Female,<30,Yes,11,Yes
101540,Male,30-50,Yes,15,No
101541,Female,30-50,Yes,7,Yes
101542,Female,30-50,No,5,No
101543,Male,>50,Yes,9,No
101544,Female,30-50,Yes,8,Yes
101545,Male,>50,Yes,12,Yes
101546,Male,<30,Yes,11,Yes
101547,Female,30-50,Yes,13,Yes
101548,Male,<30,No,4,No
101549,Male,30-50,Yes,8,Yes
101550,Male,>50,No,6,No
101551,Male,>50,No,4,No
101552,Male,30-50,Yes,11,No
101553,Female,30-50,No,4,No
101554,Male,>50,Yes,6,Yes
101555,Male,30-50,No,6,No
101556,Female,30-50,Yes,5,Yes
101557,Male,<30,No,7,No
101558,Female,<30,Yes,11,No
101559,Male,<30,Yes,9,No
101560,Female,<30,Yes,10,No
101561,Female,<30,No,3,No
101562,Male,30-50,Yes,8,Yes
101563,Male,>50,No,2,No
101564,Male,>50,Yes,12,No
101565,Male,30-50,Yes,5,No
101566,Female,>50,Yes,14,Yes
101567,Female,>50,Yes,11,No
101568,Male,30-50,No,6,No
101569,Female,>50,Yes,6,Yes
101570,Female,30-50,Yes,7,Yes
101571,Female,30-50,Yes,15,No
101572,Female,<30,No,6,Yes
101573,Male,>50,No,2,No
101574,Female,<30,Yes,12,Yes
101575,Male,>50,Yes,5,Yes
101576,Male,<30,Yes,9,No
101577,Female,30-50,Yes,6,No
101578,Female,30-50,No,7,No
101579,Female,>50,No,6,No
101580,Female,30-50,Yes,8,No
101581,Male,30-50,No,2,No
101582,Male,30-50,No,6,No
101583,Male,30-50,Yes,11,Yes
101584,Female,>50,Yes,13,No
101585,Female,>50,No,4,No
101586,Female,<30,Yes,8,No
101587,Male,<30,No,1,Yes
101588,Female,30-50,Yes,15,Yes
101589,Female,30-50,Yes,12,No
101590,Male,>50,Yes,5,No
101591,Female,>50,No,7,No
101592,Female,<30,Yes,15,Yes
101593,Female,<30,No,2,No
101594,Female,>50,No,2,No
101595,Male,<30,Yes,13,No
101596,Female,>50,No,6,No
101597,Female,>50,No,4,No
101598,Male,>50,Yes,10,No
101599,Female,30-50,Yes,12,Yes
101600,Female,<30,Yes,12,Yes
101601,Female,<30,No,5,Yes
101602,Male,30-50,No,7,No
101603,Male,>50,No,1,No
101604,Female,>50,Yes,6,No
101605,Female,>50,No,3,No
101606,Female,<30,No,2,No
101607,Male,30-50,Yes,14,Yes
101608,Female,>50,Yes,8,No
101609,Female,<30,Yes,15,No
101610,Female,>50,Yes,15,Yes
101611,Female,>50,No,4,Yes
101612,Male,<30,Yes,14,No
101613,Male,<30,Yes,5,Yes
101614,Male,30-50,Yes,9,No
101615,Male,<30,Yes,6,No
101616,Male,<30,Yes,5,Yes
101617,Female,>50,No,2,No
101618,Male,<30,Yes,7,No
101619,Female,>50,Yes,14,No
101620,Female,<30,Yes,13,No
101621,Female,<30,No,5,No
101622,Male,>50,No,7,No
101623,Female,30-50,No,5,No
101624,Female,30-50,Yes,9,Yes
101625,Male,30-50,No,6,Yes
101626,Female,30-50,Yes,15,Yes
101627,Female,<30,Yes,9,Yes
101628,Male,30-50,Yes,10,No
101629,Male,>50,Yes,14,No
101630,Female,30-50,Yes,10,No
101631,Female,30-50,Yes,9,No
101632,Female,30-50,Yes,8,No
101633,Male,30-50,Yes,5,No
101634,Female,>50,Yes,12,Yes
101635,Male,>50,Yes,13,Yes
101636,Male,>50,Yes,13,No
101637,Female,30-50,Yes,5,Yes
101638,Female,>50,No,6,No
101639,Female,30-50,Yes,10,Yes
101640,Female,>50,No,6,No
101641,Male,>50,No,7,No
101642,Female,30-50,No,4,Yes
101643,Female,30-50,Yes,8,Yes
101644,Male,<30,Yes,12,No
101645,Female,30-50,Yes,11,No
101646,Female,>50,Yes,7,Yes
101647,Female,<30,No,5,Yes
101648,Female,30-50,Yes,9,No
101649,Male,>50,Yes,11,No
101650,Female,<30,Yes,14,No
101651,Male,30-50,No,2,No
101652,Female,30-50,Yes,7,Yes
101653,Female,>50,Yes,13,Yes
101654,Female,<30,No,1,Yes
101655,Female,30-50,Yes,14,No
101656,Female,30-50,No,3,No
101657,Female,30-50,Yes,9,No
101658,Female,<30,No,1,No
101659,Male,<30,Yes,15,No
101660,Male,>50,Yes,13,No
101661,Female,<30,Yes,7,No
101662,Male,<30,Yes,8,No
101663,Female,<30,Yes,7,Yes
101664,Male,>50,Yes,12,Yes
101665,Female,30-50,Yes,11,Yes
101666,Male,30-50,No,5,No
101667,Female,<30,Yes,6,Yes
101668,Female,30-50,No,2,No
101669,Female,<30,Yes,15,No
101670,Female,30-50,Yes,14,Yes
101671,Female,30-50,Yes,10,Yes
101672,Female,<30,No,7,No
101673,Female,<30,No,1,No
101674,Female,30-50,Yes,14,Yes
101675,Male,<30,No,1,No
101676,Female,30-50,Yes,7,No
101677,Female,30-50,Yes,15,No
101678,Male,30-50,No,2,Yes
101679,Male,>50,Yes,6,No
101680,Male,30-50,No,3,No
101681,Female,30-50,No,1,No
101682,Female,>50,Yes,8,Yes
101683,Female,>50,Yes,12,No
101684,Male,<30,Yes,5,Yes
101685,Female,30-50,No,3,No
101686,Male,30-50,Yes,6,Yes
101687,Male,30-50,Yes,7,No
101688,Female,30-50,No,1,No
101689,Male,30-50,Yes,9,Yes
101690,Female,30-50,Yes,13,No
101691,Male,>50,Yes,9,No
101692,Female,30-50,Yes,6,Yes
101693,Male,<30,No,6,No
101694,Male,>50,Yes,9,Yes
101695,Female,30-50,Yes,5,Yes
101696,Female,30-50,No,3,No
101697,Male,>50,No,2,No
101698,Female,30-50,Yes,15,No
101699,Female,30-50,Yes,13,No
101700,Female,<30,Yes,13,Yes
101701,Female,<30,Yes,9,Yes
101702,Male,>50,Yes,15,No
101703,Male,<30,Yes,7,Yes
101704,Female,30-50,Yes,6,No
101705,Female,>50,No,2,No
101706,Male,<30,Yes,8,No
101707,Female,30-50,Yes,7,Yes
101708,Male,<30,Yes,11,Yes
101709,Male,30-50,No,1,No
101710,Male,>50,Yes,6,Yes
101711,Female,>50,No,7,No
101712,Female,<30,Yes,6,No
101713,Female,30-50,Yes,7,Yes
101714,Male,<30,No,4,No
101715,Male,>50,Yes,9,No
101716,Female,<30,Yes,9,Yes
101717,Male,30-50,No,7,Yes
101718,Female,30-50,Yes,12,Yes
101719,Male,<30,No,6,No
101720,Female,>50,No,1,No
101721,Female,30-50,Yes,9,No
101722,Male,<30,No,3,No
101723,Female,<30,No,4,No
101724,Female,<30,Yes,6,No
101725,Male,30-50,Yes,6,No
101726,Male,30-50,Yes,15,Yes
101727,Female,30-50,No,3,No
101728,Female,>50,No,3,No
101729,Male,30-50,Yes,6,No
101730,Female,30-50,No,5,Yes
101731,Female,30-50,Yes,7,No
101732,Male,<30,No,1,No
101733,Female,>50,No,7,No
101734,Female,30-50,No,1,No
101735,Male,>50,Yes,11,Yes
101736,Male,30-50,No,6,Yes
101737,Male,30-50,Yes,5,No
101738,Female,<30,Yes,10,No
101739,Female,30-50,Yes,15,No
101740,Female,30-50,No,6,Yes
101741,Male,30-50,Yes,7,No
101742,Female,>50,Yes,11,No
101743,Female,<30,No,7,No
101744,Female,>50,Yes,11,Yes
101745,Female,30-50,Yes,5,Yes
101746,Female,>50,No,4,No
101747,Female,30-50,Yes,7,Yes
101748,Male,>50,No,7,No
101749,Female,<30,Yes,6,No
101750,Male,30-50,Yes,14,No
101751,Female,30-50,No,2,No
101752,Female,30-50,Yes,7,Yes
101753,Female,<30,No,3,No
101754,Female,30-50,No,7,Yes
101755,Male,>50,No,4,No
101756,Female,<30,Yes,12,No
101757,Female,30-50,Yes,6,Yes
101758,Male,>50,Yes,11,No
101759,Female,30-50,Yes,12,Yes
101760,Female,30-50,Yes,7,No
101761,Male,<30,Yes,13,No
101762,Female,30-50,Yes,6,Yes
101763,Male,30-50,Yes,14,Yes
101764,Female,>50,No,2,No
101765,Female,30-50,Yes,13,Yes
101766,Male,30-50,Yes,10,No
101767,Male,>50,Yes,7,No
101768,Male,30-50,Yes,5,No
101769,Male,30-50,Yes,13,Yes
101770,Female,<30,No,1,Yes
101771,Male,>50,Yes,10,No
101772,Male,<30,Yes,13,Yes
101773,Female,30-50,Yes,7,Yes
101774,Male,30-50,Yes,7,Yes
101775,Male,30-50,No,5,No
101776,Female,30-50,Yes,5,Yes
101777,Female,<30,No,1,No
101778,Female,30-50,Yes,6,Yes
101779,Male,30-50,Yes,12,No
101780,Male,>50,No,6,No
101781,Male,<30,Yes,5,No
101782,Female,30-50,No,3,No
101783,Male,>50,No,1,No
101784,Male,30-50,No,7,No
101785,Female,30-50,Yes,6,No
101786,Female,30-50,Yes,13,Yes
101787,Male,30-50,No,3,No
101788,Male,30-50,Yes,6,No
101789,Male,>50,Yes,13,Yes
101790,Female,30-50,Yes,9,No
101791,Male,>50,No,6,No
101792,Male,30-50,Yes,15,Yes
101793,Female,30-50,Yes,12,Yes
101794,Female,30-50,Yes,12,Yes
101795,Female,<30,Yes,8,No
101796,Male,>50,Yes,12,No
101797,Male,30-50,Yes,6,Yes
101798,Female,<30,Yes,7,No
101799,Female,<30,Yes,14,Yes
101800,Female,30-50,No,6,Yes
101801,Male,30-50,Yes,11,Yes
101802,Female,30-50,No,5,Yes
101803,Male,<30,Yes,14,No
101804,Female,30-50,Yes,10,No
101805,Female,30-50,Yes,9,Yes
101806,Male,30-50,Yes,9,No
101807,Female,30-50,No,4,No
101808,Female,30-50,Yes,10,Yes
101809,Male,30-50,Yes,14,No
101810,Female,>50,No,2,No
101811,Male,<30,No,5,No
101812,Male,>50,Yes,7,No
101813,Male,30-50,Yes,14,Yes
101814,Male,<30,No,4,No
101815,Male,30-50,Yes,10,No
101816,Female,<30,Yes,9,Yes
101817,Male,30-50,No,7,Yes
101818,Female,30-50,Yes,13,Yes
101819,Male,<30,Yes,7,Yes
101820,Female,30-50,Yes,6,Yes
101821,Female,<30,Yes,13,No
101822,Male,30-50,No,1,No
101823,Male,30-50,Yes,11,Yes
101824,Female,30-50,Yes,11,No
101825,Female,>50,Yes,13,Yes
101826,Female,<30,Yes,10,Yes
101827,Female,<30,No,3,No
101828,Female,30-50,No,5,Yes
101829,Female,>50,Yes,13,Yes
101830,Female,>50,Yes,11,Yes
101831,Male,<30,No,1,No
101832,Male,<30,Yes,11,Yes
101833,Female,30-50,Yes,8,No
101834,Male,<30,Yes,12,No
101835,Female,<30,No,5,Yes
101836,Female,>50,No,1,No
101837,Female,<30,Yes,9,No
101838,Female,<30,Yes,11,No
101839,Female,30-50,No,1,No
101840,Female,30-50,Yes,9,Yes
101841,Female,<30,No,1,No
101842,Female,30-50,No,1,No
101843,Male,<30,No,3,No
101844,Female,<30,No,7,No
101845,Male,30-50,Yes,14,Yes
101846,Female,>50,Yes,8,No
101847,Female,30-50,No,5,Yes
101848,Female,>50,Yes,13,Yes
101849,Female,30-50,Yes,9,Yes
101850,Female,>50,No,6,No
101851,Male,<30,No,5,No
101852,Female,30-50,No,5,No
101853,Male,30-50,No,3,No
101854,Female,<30,Yes,7,No
101855,Male,30-50,Yes,15,Yes
101856,Male,<30,Yes,6,Yes
101857,Female,30-50,No,2,No
101858,Female,>50,No,5,No
101859,Male,30-50,Yes,12,Yes
101860,Female,>50,No,2,No
101861,Male,30-50,No,4,Yes
101862,Female,>50,Yes,9,Yes
101863,Female,30-50,Yes,7,No
101864,Female,>50,Yes,7,No
101865,Female,>50,No,3,No
101866,Female,30-50,No,2,No
101867,Female,30-50,No,7,No
101868,Female,30-50,No,5,Yes
101869,Male,<30,Yes,15,Yes
101870,Female,30-50,Yes,12,No
101871,Female,30-50,No,7,No
101872,Female,30-50,Yes,7,Yes
101873,Female,30-50,No,3,No
101874,Female,30-50,No,3,No
101875,Male,30-50,Yes,14,Yes
101876,Female,<30,Yes,12,No
101877,Female,30-50,Yes,8,Yes
101878,Female,>50,Yes,5,Yes
101879,Male,<30,Yes,9,Yes
101880,Male,30-50,Yes,14,Yes
101881,Female,30-50,Yes,10,No
101882,Male,>50,No,6,Yes
101883,Female,30-50,Yes,15,Yes
101884,Male,<30,Yes,10,Yes
101885,Male,30-50,Yes,7,No
101886,Male,30-50,No,5,No
101887,Female,>50,Yes,8,No
101888,Female,<30,Yes,10,No
101889,Female,30-50,No,6,No
101890,Male,>50,Yes,14,No
101891,Female,<30,Yes,8,No
101892,Female,<30,No,1,No
101893,Male,30-50,Yes,8,Yes
101894,Female,30-50,Yes,15,No
101895,Female,30-50,No,4,No
101896,Male,30-50,Yes,5,Yes
101897,Female,>50,Yes,8,Yes
101898,Female,>50,No,2,No
101899,Male,30-50,Yes,7,No
101900,Male,30-50,No,4,No
101901,Male,30-50,No,4,Yes
101902,Female,30-50,Yes,12,No
101903,Female,30-50,Yes,8,No
101904,Male,30-50,Yes,10,No
101905,Female,30-50,Yes,10,No
101906,Female,>50,No,1,No
101907,Male,>50,No,5,No
101908,Female,<30,Yes,15,Yes
101909,Female,30-50,Yes,11,Yes
101910,Male,30-50,No,1,No
101911,Female,30-50,Yes,12,Yes
101912,Female,>50,Yes,6,Yes
101913,Female,<30,Yes,14,Yes
101914,Male,<30,Yes,12,No
101915,Male,>50,Yes,8,No
101916,Male,30-50,Yes,7,Yes
101917,Female,<30,Yes,11,No
101918,Male,>50,Yes,11,Yes
101919,Female,30-50,No,1,No
101920,Female,30-50,No,6,No
101921,Female,>50,No,4,No
101922,Female,>50,No,2,No
101923,Female,30-50,No,6,Yes
101924,Female,>50,Yes,7,Yes
101925,Male,<30,Yes,12,No
101926,Female,<30,No,3,No
101927,Female,30-50,Yes,13,Yes
101928,Male,<30,Yes,15,No
101929,Female,<30,Yes,5,Yes
101930,Female,30-50,No,4,Yes
101931,Female,30-50,Yes,6,No
101932,Female,>50,No,6,Yes
101933,Female,30-50,No,5,No
101934,Female,<30,Yes,7,Yes
101935,Female,30-50,Yes,14,Yes
101936,Female,30-50,Yes,14,No
101937,Female,30-50,No,6,Yes
101938,Female,<30,Yes,6,Yes
101939,Female,>50,Yes,9,Yes
101940,Female,30-50,Yes,6,Yes
101941,Male,<30,Yes,5,No
101942,Female,30-50,Yes,9,No
101943,Female,30-50,Yes,5,Yes
101944,Female,>50,Yes,9,Yes
101945,Female,>50,No,3,No
101946,Male,>50,No,3,No
101947,Male,<30,Yes,11,No
101948,Female,30-50,Yes,11,No
101949,Female,30-50,No,4,Yes
101950,Female,>50,Yes,6,No
101951,Female,>50,No,1,No
101952,Male,>50,Yes,10,Yes
101953,Female,<30,No,1,No
101954,Male,30-50,Yes,13,Yes
101955,Female,30-50,Yes,13,No
101956,Female,>50,No,6,Yes
101957,Female,30-50,Yes,12,No
101958,Female,>50,No,3,Yes
101959,Male,30-50,Yes,13,No
101960,Male,30-50,Yes,9,No
101961,Female,<30,Yes,12,No
101962,Male,30-50,Yes,14,Yes
101963,Female,>50,No,3,Yes
101964,Male,30-50,Yes,15,No
101965,Male,30-50,Yes,9,No
101966,Male,>50,Yes,7,Yes
101967,Male,30-50,Yes,5,Yes
101968,Female,<30,Yes,7,No
101969,Female,<30,Yes,15,No
101970,Female,>50,No,3,No
101971,Male,30-50,No,4,No
101972,Male,30-50,Yes,12,Yes
101973,Female,30-50,Yes,8,Yes
101974,Male,30-50,No,5,No
101975,Female,<30,No,2,No
101976,Female,30-50,No,2,No
101977,Male,30-50,Yes,14,Yes
101978,Male,30-50,Yes,15,Yes
101979,Male,<30,Yes,5,No
101980,Male,30-50,No,1,No
101981,Male,<30,Yes,10,Yes
101982,Female,<30,Yes,10,Yes
101983,Male,>50,Yes,7,No
101984,Male,30-50,No,3,No
101985,Female,30-50,Yes,7,Yes
101986,Male,<30,Yes,8,No
101987,Male,<30,Yes,11,Yes
101988,Female,>50,Yes,6,Yes
101989,Female,<30,Yes,11,Yes
101990,Male,30-50,No,5,No
101991,Female,30-50,No,5,No
101992,Female,30-50,Yes,14,Yes
101993,Female,30-50,Yes,10,Yes
101994,Female,<30,No,1,No
101995,Female,<30,Yes,7,No
101996,Male,30-50,Yes,8,No
101997,Female,30-50,No,2,No
101998,Male,>50,Yes,6,No
101999,Female,30-50,Yes,11,No
102000,Male,30-50,Yes,6,Yes
102001,Female,30-50,Yes,11,Yes
102002,Male,>50,No,1,No
102003,Male,30-50,No,1,No
102004,Female,30-50,No,3,Yes
102005,Female,>50,No,3,No
102006,Female,>50,No,3,No
102007,Female,30-50,No,6,No
102008,Male,<30,No,2,No
102009,Female,30-50,Yes,10,Yes
102010,Male,>50,No,1,No
102011,Male,>50,Yes,11,No
102012,Male,<30,Yes,8,Yes
102013,Female,>50,Yes,5,Yes
102014,Female,>50,Yes,9,No
102015,Female,>50,Yes,5,No
102016,Female,<30,Yes,5,Yes
102017,Female,>50,Yes,14,Yes
102018,Male,30-50,No,3,No
102019,Female,30-50,Yes,9,No
102020,Female,<30,Yes,5,Yes
102021,Female,<30,No,7,No
102022,Male,30-50,No,4,No
102023,Male,30-50,No,4,No
102024,Female,30-50,Yes,9,Yes
102025,Female,<30,Yes,9,Yes
102026,Female,>50,No,4,Yes
102027,Male,30-50,Yes,15,No
102028,Female,30-50,Yes,15,Yes
102029,Male,30-50,Yes,9,Yes
102030,Female,>50,Yes,13,Yes
102031,Female,<30,No,6,Yes
102032,Male,30-50,Yes,5,Yes
102033,Female,30-50,No,6,Yes
102034,Male,30-50,Yes,14,No
102035,Male,>50,Yes,9,No
102036,Female,30-50,Yes,12,No
102037,Male,30-50,No,5,No
102038,Female,<30,Yes,8,Yes
102039,Female,<30,Yes,11,Yes
102040,Female,>50,Yes,6,No
102041,Male,<30,Yes,11,No
102042,Female,30-50,Yes,15,Yes
102043,Male,>50,Yes,15,No
102044,Female,<30,No,7,No
102045,Female,<30,Yes,5,Yes
102046,Female,<30,Yes,11,No
102047,Male,30-50,Yes,13,Yes
102048,Male,30-50,No,2,Yes
102049,Female,>50,No,1,Yes
102050,Female,30-50,Yes,13,Yes
102051,Female,>50,Yes,5,No
102052,Female,>50,No,3,No
102053,Female,30-50,No,7,No
102054,Male,30-50,Yes,14,Yes
102055,Male,30-50,Yes,11,Yes
102056,Male,<30,No,2,No
102057,Female,>50,Yes,6,Yes
102058,Male,<30,Yes,8,No
102059,Female,>50,Yes,14,Yes
102060,Female,30-50,No,3,No
102061,Male,<30,Yes,8,No
102062,Female,30-50,Yes,14,Yes
102063,Male,30-50,Yes,13,No
102064,Male,>50,Yes,10,No
102065,Male,30-50,Yes,13,Yes
102066,Female,30-50,Yes,15,Yes
102067,Female,>50,No,1,No
102068,Female,30-50,No,3,No
102069,Male,<30,Yes,12,Yes
102070,Male,30-50,Yes,15,No
102071,Female,<30,Yes,5,Yes
102072,Male,30-50,Yes,13,No
102073,Female,<30,Yes,11,No
102074,Male,>50,Yes,12,No
102075,Female,30-50,No,5,No
102076,Male,30-50,Yes,5,Yes
102077,Female,>50,No,6,No
102078,Female,30-50,Yes,12,No
102079,Female,<30,Yes,5,No
102080,Male,<30,Yes,8,Yes
102081,Male,30-50,Yes,13,No
102082,Male,30-50,Yes,11,No
102083,Male,30-50,Yes,14,No
102084,Female,<30,Yes,11,Yes
102085,Female,30-50,Yes,14,Yes
102086,Female,30-50,No,4,No
102087,Male,30-50,Yes,15,No
102088,Male,30-50,Yes,15,Yes
102089,Female,>50,No,7,No
102090,Male,30-50,No,6,No
102091,Female,>50,Yes,14,Yes
102092,Female,<30,Yes,8,Yes
102093,Male,<30,Yes,11,No
102094,Male,<30,Yes,9,Yes
102095,Male,30-50,Yes,11,Yes
102096,Female,30-50,Yes,8,Yes
102097,Female,30-50,Yes,8,No
102098,Male,30-50,Yes,14,Yes
102099,Female,>50,Yes,5,Yes
102100,Female,>50,No,2,No
102101,Female,30-50,Yes,9,Yes
102102,Male,>50,Yes,10,No
102103,Female,30-50,Yes,7,No
102104,Male,<30,Yes,14,No
102105,Female,30-50,Yes,5,Yes
102106,Female,>50,Yes,13,No
102107,Female,>50,No,5,No
102108,Male,30-50,Yes,11,Yes
102109,Male,30-50,Yes,8,Yes
102110,Male,<30,Yes,13,No
102111,Female,>50,No,1,No
102112,Female,30-50,Yes,13,Yes
102113,Female,>50,Yes,8,Yes
102114,Female,30-50,Yes,11,Yes
102115,Male,<30,Yes,9,No
102116,Female,>50,Yes,13,Yes
102117,Female,30-50,Yes,7,No
102118,Male,30-50,Yes,5,No
102119,Female,<30,No,1,Yes
102120,Female,30-50,Yes,9,No
102121,Female,<30,No,1,No
102122,Female,30-50,No,5,Yes
102123,Female,<30,No,6,No
102124,Male,<30,Yes,10,Yes
102125,Male,<30,Yes,6,No
102126,Male,<30,Yes,10,No
102127,Female,30-50,Yes,11,No
102128,Male,30-50,No,6,No
102129,Male,<30,No,3,No
102130,Female,>50,Yes,8,No
102131,Male,<30,No,3,No
102132,Female,30-50,Yes,6,Yes
102133,Female,<30,No,4,No
102134,Female,<30,Yes,11,No
102135,Female,30-50,Yes,12,Yes
102136,Male,30-50,No,2,Yes
102137,Female,30-50,Yes,14,No
102138,Male,30-50,Yes,15,No
102139,Male,>50,Yes,15,Yes
102140,Female,<30,No,2,No
102141,Female,<30,Yes,7,Yes
102142,Female,>50,Yes,12,No
102143,Male,30-50,Yes,10,No
102144,Female,<30,No,2,No
102145,Female,30-50,Yes,6,No
102146,Female,30-50,Yes,14,No
102147,Male,30-50,Yes,8,No
102148,Male,>50,No,7,Yes
102149,Female,<30,Yes,12,Yes
102150,Female,30-50,No,6,No
102151,Female,<30,Yes,15,Yes
102152,Male,30-50,No,1,No
102153,Female,30-50,Yes,11,Yes
102154,Female,>50,Yes,12,No
102155,Female,>50,No,4,No
102156,Female,>50,No,1,Yes
102157,Female,30-50,Yes,15,Yes
102158,Female,30-50,Yes,7,No
102159,Female,>50,Yes,13,Yes
102160,Male,30-50,No,6,Yes
102161,Male,>50,Yes,7,Yes
102162,Female,30-50,Yes,11,Yes
102163,Female,<30,Yes,10,No
102164,Female,<30,Yes,7,Yes
102165,Male,<30,No,4,No
102166,Female,<30,Yes,8,No
102167,Male,30-50,Yes,13,Yes
102168,Male,>50,Yes,9,No
102169,Male,30-50,Yes,5,No
102170,Male,30-50,Yes,8,Yes
102171,Female,>50,Yes,10,No
102172,Male,<30,Yes,10,Yes
102173,Female,30-50,Yes,8,Yes
102174,Female,30-50,No,3,No
102175,Female,30-50,Yes,14,No
102176,Female,>50,Yes,7,No
102177,Female,>50,Yes,15,No
102178,Male,30-50,Yes,5,No
102179,Male,<30,Yes,14,No
102180,Female,>50,Yes,14,Yes
102181,Female,30-50,No,4,Yes
102182,Female,30-50,Yes,9,No
102183,Male,30-50,Yes,5,Yes
102184,Female,30-50,Yes,13,Yes
102185,Female,30-50,Yes,7,Yes
102186,Female,30-50,Yes,8,Yes
102187,Female,30-50,Yes,12,No
102188,Male,30-50,Yes,15,No
102189,Female,<30,No,6,No
102190,Female,<30,Yes,14,Yes
102191,Female,30-50,Yes,5,Yes
102192,Male,<30,No,2,No
102193,Female,<30,Yes,11,No
102194,Female,>50,Yes,9,Yes
102195,Female,<30,Yes,8,No
102196,Female,<30,Yes,6,No
102197,Female,<30,Yes,5,No
102198,Female,30-50,Yes,14,No
102199,Female,30-50,No,4,Yes
102200,Male,30-50,Yes,6,No
102201,Male,<30,Yes,10,No
102202,Female,30-50,Yes,12,Yes
102203,Male,>50,Yes,7,No
102204,Male,30-50,No,7,No
102205,Male,30-50,No,3,No
102206,Female,30-50,No,3,Yes
102207,Male,30-50,Yes,8,No
102208,Female,>50,Yes,6,No
102209,Male,<30,Yes,14,No
102210,Female,30-50,Yes,12,Yes
102211,Male,<30,Yes,6,Yes
102212,Male,>50,Yes,14,Yes
102213,Female,30-50,Yes,14,Yes
102214,Female,30-50,No,6,No
102215,Female,30-50,No,6,Yes
102216,Female,>50,Yes,5,No
102217,Male,30-50,Yes,10,No
102218,Male,<30,No,4,No
102219,Female,>50,Yes,15,No
102220,Female,30-50,Yes,7,Yes
102221,Male,>50,Yes,5,No
102222,Male,30-50,No,7,Yes
102223,Female,<30,Yes,8,No
102224,Female,<30,Yes,12,No
102225,Male,>50,No,4,No
102226,Female,<30,No,3,No
102227,Male,30-50,Yes,5,No
102228,Male,<30,Yes,7,Yes
102229,Male,<30,Yes,6,No
102230,Male,<30,Yes,13,No
102231,Female,>50,Yes,13,Yes
102232,Female,<30,No,1,No
102233,Male,>50,Yes,11,No
102234,Male,30-50,Yes,5,No
102235,Female,<30,No,4,No
102236,Female,30-50,No,3,No
102237,Female,30-50,Yes,11,Yes
102238,Male,>50,No,4,No
102239,Male,30-50,Yes,12,Yes
102240,Female,30-50,Yes,15,Yes
102241,Male,<30,Yes,8,Yes
102242,Female,30-50,Yes,8,Yes
102243,Male,>50,Yes,8,No
102244,Female,30-50,Yes,8,No
102245,Male,30-50,Yes,15,Yes
102246,Male,30-50,No,1,No
102247,Male,<30,Yes,6,Yes
102248,Female,30-50,No,4,No
102249,Female,30-50,Yes,11,Yes
102250,Female,>50,Yes,10,No
102251,Male,30-50,Yes,13,No
102252,Male,<30,No,1,No
102253,Female,>50,No,3,No
102254,Female,<30,No,7,No
102255,Female,>50,No,7,No
102256,Female,>50,Yes,12,Yes
102257,Female,>50,No,2,No
102258,Male,>50,Yes,11,No
102259,Male,>50,Yes,12,No
102260,Male,30-50,Yes,9,Yes
102261,Male,<30,Yes,14,Yes
102262,Male,30-50,Yes,11,No
102263,Female,<30,Yes,8,Yes
102264,Female,30-50,Yes,7,Yes
102265,Male,>50,Yes,10,Yes
102266,Female,<30,No,7,No
102267,Female,30-50,Yes,8,No
102268,Male,30-50,Yes,8,Yes
102269,Female,30-50,Yes,12,Yes
102270,Male,>50,No,4,No
102271,Male,>50,Yes,6,No
102272,Female,>50,No,6,No
102273,Male,>50,No,2,No
102274,Male,<30,Yes,9,Yes
102275,Male,<30,No,6,Yes
102276,Female,30-50,Yes,9,No
102277,Male,30-50,Yes,15,Yes
102278,Female,<30,No,1,No
102279,Male,<30,No,4,Yes
102280,Female,30-50,No,7,No
102281,Male,<30,Yes,7,No
102282,Male,30-50,No,4,No
102283,Male,30-50,No,2,No
102284,Male,30-50,Yes,11,No
102285,Female,30-50,Yes,7,Yes
102286,Female,<30,Yes,8,Yes
102287,Female,30-50,Yes,6,No
102288,Female,>50,Yes,13,Yes
102289,Female,30-50,Yes,10,Yes
102290,Female,30-50,Yes,6,Yes
102291,Female,30-50,No,3,No
102292,Male,30-50,Yes,12,Yes
102293,Female,<30,Yes,9,Yes
102294,Male,<30,Yes,7,No
102295,Male,30-50,No,7,Yes
102296,Female,30-50,No,2,Yes
102297,Female,>50,No,6,No
102298,Female,30-50,No,3,No
102299,Female,>50,Yes,15,No
102300,Male,30-50,No,1,No
102301,Male,<30,No,5,No
102302,Female,30-50,Yes,12,No
102303,Female,<30,Yes,15,Yes
102304,Male,30-50,Yes,15,No
102305,Female,30-50,No,5,Yes
102306,Female,<30,Yes,12,Yes
102307,Female,30-50,No,6,Yes
102308,Female,30-50,Yes,6,Yes
102309,Female,30-50,Yes,13,Yes
102310,Male,30-50,No,4,No
102311,Male,>50,Yes,6,No
102312,Female,>50,No,1,No
102313,Female,30-50,No,3,Yes
102314,Male,>50,No,5,No
102315,Female,<30,Yes,13,Yes
102316,Female,>50,Yes,13,Yes
102317,Female,<30,Yes,11,Yes
102318,Female,>50,No,6,No
102319,Female,30-50,Yes,12,Yes
102320,Male,30-50,No,3,No
102321,Female,30-50,Yes,7,Yes
102322,Male,30-50,Yes,12,Yes
102323,Female,>50,Yes,10,Yes
102324,Female,<30,Yes,9,Yes
102325,Male,<30,Yes,15,Yes
102326,Female,<30,Yes,12,No
102327,Female,<30,Yes,12,No
102328,Male,>50,No,2,No
102329,Female,30-50,Yes,10,Yes
102330,Female,30-50,Yes,7,No
102331,Male,30-50,Yes,9,Yes
102332,Male,>50,Yes,13,Yes
102333,Male,<30,No,3,No
102334,Female,30-50,No,3,No
102335,Male,>50,Yes,15,No
102336,Male,<30,Yes,12,No
102337,Female,30-50,No,2,No
102338,Male,>50,Yes,7,No
102339,Male,>50,No,6,No
102340,Female,>50,Yes,5,No
102341,Male,>50,Yes,15,No
102342,Female,>50,No,4,No
102343,Female,30-50,No,4,No
102344,Female,>50,Yes,5,No
102345,Female,30-50,Yes,10,No
102346,Male,30-50,Yes,7,Yes
102347,Male,30-50,Yes,14,Yes
102348,Male,30-50,Yes,6,No
102349,Female,<30,No,6,No
102350,Male,30-50,No,5,Yes
102351,Female,>50,Yes,8,Yes
102352,Female,>50,No,4,No
102353,Female,<30,Yes,9,Yes
102354,Female,<30,Yes,13,Yes
102355,Male,30-50,No,6,Yes
102356,Female,<30,Yes,5,No
102357,Female,30-50,No,7,No
102358,Female,>50,No,6,No
102359,Female,>50,Yes,10,Yes
102360,Male,<30,Yes,8,No
102361,Male,30-50,Yes,8,No
102362,Male,30-50,Yes,12,Yes
102363,Male,30-50,No,4,No
102364,Female,30-50,Yes,6,No
102365,Male,<30,No,3,No
102366,Female,>50,No,4,No
102367,Female,>50,Yes,14,No
102368,Male,>50,Yes,9,No
102369,Female,30-50,Yes,9,No
102370,Female,30-50,No,7,No
102371,Male,>50,Yes,7,No
102372,Female,30-50,No,5,Yes
102373,Male,<30,Yes,10,No
102374,Male,>50,Yes,10,Yes
102375,Female,30-50,Yes,8,No
102376,Male,>50,No,2,No
102377,Female,30-50,No,6,No
102378,Male,<30,Yes,13,No
102379,Female,30-50,Yes,8,Yes
102380,Female,30-50,Yes,10,Yes
102381,Female,30-50,No,7,Yes
102382,Female,>50,No,1,No
102383,Female,30-50,Yes,12,Yes
102384,Female,30-50,Yes,10,No
102385,Male,30-50,Yes,11,Yes
102386,Female,<30,Yes,8,No
102387,Female,>50,Yes,11,No
102388,Female,>50,Yes,13,Yes
102389,Female,30-50,No,7,Yes
102390,Male,30-50,No,3,No
102391,Male,30-50,Yes,11,Yes
102392,Female,30-50,Yes,15,Yes
102393,Male,30-50,No,4,No
102394,Female,<30,No,6,Yes
102395,Female,<30,Yes,6,No
102396,Male,<30,No,5,No
102397,Male,>50,No,5,No
102398,Male,<30,No,6,No
102399,Male,<30,No,7,No
102400,Female,<30,Yes,5,No
102401,Female,30-50,No,1,No
102402,Female,30-50,Yes,11,No
102403,Male,30-50,No,7,No
102404,Male,30-50,No,6,Yes
102405,Male,30-50,No,2,No
102406,Male,<30,No,3,No
102407,Female,>50,Yes,15,No
102408,Male,30-50,Yes,12,No
102409,Female,<30,Yes,14,Yes
102410,Male,>50,No,3,No
102411,Female,30-50,Yes,7,Yes
102412,Male,>50,No,4,No
102413,Male,30-50,No,3,No
102414,Female,<30,Yes,7,Yes
102415,Male,30-50,No,3,No
102416,Male,30-50,Yes,15,No
102417,Male,<30,No,4,No
102418,Male,<30,Yes,7,Yes
102419,Male,>50,Yes,6,No
102420,Female,30-50,Yes,10,No
102421,Female,>50,Yes,11,No
102422,Male,30-50,Yes,8,Yes
102423,Male,30-50,Yes,12,No
102424,Male,<30,Yes,8,Yes
102425,Male,<30,Yes,15,Yes
102426,Female,30-50,Yes,6,No
102427,Male,30-50,No,5,No
102428,Female,>50,Yes,6,No
102429,Male,30-50,Yes,14,No
102430,Female,30-50,Yes,7,No
102431,Female,<30,Yes,14,Yes
102432,Female,30-50,Yes,5,Yes
102433,Female,<30,Yes,5,No
102434,Male,30-50,Yes,7,No
102435,Female,<30,Yes,10,No
102436,Male,<30,Yes,9,No
102437,Female,30-50,Yes,6,No
102438,Female,30-50,Yes,13,No
102439,Female,>50,Yes,13,No
102440,Male,30-50,Yes,8,Yes
102441,Female,>50,Yes,6,Yes
102442,Female,30-50,Yes,12,Yes
102443,Male,<30,No,5,No
102444,Male,30-50,Yes,14,No
102445,Female,30-50,Yes,13,Yes
102446,Male,30-50,No,4,No
102447,Female,<30,Yes,9,No
102448,Female,>50,No,4,No
102449,Male,30-50,No,6,Yes
102450,Female,30-50,No,3,No
102451,Female,>50,Yes,11,No
102452,Male,<30,Yes,5,No
102453,Female,>50,Yes,14,No
102454,Male,>50,Yes,6,No
102455,Female,30-50,Yes,12,Yes
102456,Male,30-50,Yes,8,Yes
102457,Female,30-50,Yes,6,No
102458,Female,>50,Yes,15,No
102459,Female,30-50,Yes,9,No
102460,Female,<30,Yes,12,No
102461,Female,30-50,Yes,14,Yes
102462,Female,>50,No,7,Yes
102463,Male,<30,Yes,13,No
102464,Female,<30,No,3,No
102465,Male,>50,Yes,8,No
102466,Female,30-50,Yes,9,Yes
102467,Male,<30,Yes,13,No
102468,Female,<30,Yes,5,Yes
102469,Female,>50,Yes,8,No
102470,Female,<30,No,4,No
102471,Female,30-50,Yes,13,Yes
102472,Female,30-50,Yes,7,Yes
102473,Male,>50,Yes,12,No
102474,Male,30-50,No,6,No
102475,Female,30-50,Yes,10,Yes
102476,Female,30-50,No,4,No
102477,Female,<30,Yes,14,Yes
102478,Female,30-50,Yes,8,Yes
102479,Male,<30,No,6,No
102480,Male,>50,No,7,No
102481,Male,>50,Yes,5,No
102482,Female,30-50,Yes,14,No
102483,Male,<30,Yes,13,Yes
102484,Female,<30,Yes,13,Yes
102485,Female,30-50,Yes,5,Yes
102486,Female,30-50,Yes,14,Yes
102487,Male,>50,Yes,11,Yes
102488,Female,>50,No,3,Yes
102489,Male,30-50,No,6,No
102490,Female,30-50,Yes,12,Yes
102491,Female,30-50,No,3,No
102492,Female,30-50,Yes,15,Yes
102493,Female,>50,Yes,13,Yes
102494,Female,30-50,No,1,No
102495,Male,30-50,Yes,15,Yes
102496,Female,30-50,Yes,15,Yes
102497,Female,30-50,Yes,15,No
102498,Female,30-50,Yes,14,No
102499,Male,>50,Yes,13,No
102500,Female,<30,Yes,13,Yes
102501,Male,30-50,No,2,No
102502,Female,30-50,No,3,No
102503,Male,30-50,Yes,12,No
102504,Female,30-50,Yes,5,No
102505,Female,<30,No,5,No
102506,Female,30-50,Yes,5,Yes
102507,Female,30-50,Yes,11,Yes
102508,Female,30-50,No,1,No
102509,Female,30-50,Yes,14,No
102510,Male,<30,Yes,15,No
102511,Male,30-50,No,2,No
102512,Female,30-50,Yes,13,Yes
102513,Female,30-50,No,7,Yes
102514,Male,30-50,Yes,7,No
102515,Female,30-50,Yes,6,Yes
102516,Male,<30,No,3,No
102517,Male,30-50,No,1,No
102518,Female,<30,Yes,12,Yes
102519,Female,30-50,No,3,Yes
102520,Female,30-50,No,7,No
102521,Female,30-50,Yes,6,Yes
102522,Male,30-50,Yes,12,No
102523,Female,30-50,No,3,No
102524,Male,<30,Yes,9,No
102525,Female,<30,No,1,No
102526,Female,30-50,Yes,10,No
102527,Female,>50,No,2,No
102528,Female,>50,No,5,No
102529,Female,<30,No,2,No
102530,Female,>50,Yes,6,No
102531,Female,<30,Yes,5,No
102532,Female,<30,Yes,7,Yes
102533,Female,<30,Yes,14,No
102534,Male,>50,Yes,10,No
102535,Female,>50,No,5,No
102536,Male,30-50,Yes,11,No
102537,Male,30-50,No,4,No
102538,Male,30-50,Yes,6,Yes
102539,Female,>50,Yes,8,No
102540,Female,<30,Yes,5,No
102541,Female,30-50,Yes,13,Yes
102542,Female,30-50,Yes,11,Yes
102543,Male,>50,Yes,7,Yes
102544,Female,>50,No,2,No
102545,Male,30-50,No,4,No
102546,Female,>50,Yes,14,No
102547,Male,30-50,Yes,10,Yes
102548,Male,30-50,No,3,No
102549,Male,<30,No,4,No
102550,Female,<30,Yes,9,No
102551,Male,<30,Yes,9,No
102552,Female,30-50,No,5,Yes
102553,Male,30-50,Yes,5,Yes
102554,Male,<30,Yes,6,No
102555,Female,>50,No,3,No
102556,Female,<30,No,1,No
102557,Female,30-50,Yes,14,Yes
102558,Male,30-50,No,7,No
102559,Female,30-50,No,6,Yes
102560,Male,>50,No,7,No
102561,Female,30-50,No,7,No
102562,Female,30-50,Yes,5,No
102563,Female,30-50,Yes,6,No
102564,Male,>50,No,1,No
102565,Male,<30,Yes,15,Yes
102566,Female,30-50,Yes,13,Yes
102567,Female,<30,Yes,5,No
102568,Female,30-50,No,5,Yes
102569,Female,>50,No,4,No
102570,Female,30-50,Yes,15,Yes
102571,Male,30-50,Yes,11,No
102572,Male,<30,Yes,14,Yes
102573,Female,<30,Yes,14,No
102574,Male,30-50,No,5,No
102575,Male,30-50,Yes,5,Yes
102576,Male,30-50,Yes,15,No
102577,Male,<30,No,2,No
102578,Male,<30,Yes,12,Yes
102579,Female,<30,Yes,13,Yes
102580,Female,<30,Yes,11,Yes
102581,Female,>50,No,2,No
102582,Male,<30,Yes,8,No
102583,Female,<30,Yes,6,Yes
102584,Male,<30,Yes,12,No
102585,Female,30-50,No,6,No
102586,Male,30-50,Yes,11,No
102587,Female,30-50,Yes,5,No
102588,Male,30-50,No,2,No
102589,Female,<30,No,3,No
102590,Male,30-50,Yes,12,No
102591,Female,<30,No,1,No
102592,Male,30-50,Yes,5,No
102593,Female,30-50,No,4,Yes
102594,Male,30-50,Yes,12,No
102595,Male,30-50,No,7,Yes
102596,Male,30-50,Yes,15,No
102597,Female,30-50,No,7,Yes
102598,Female,<30,Yes,13,Yes
102599,Female,>50,No,3,No
102600,Male,30-50,Yes,7,No
102601,Male,>50,Yes,13,Yes
102602,Male,<30,Yes,12,Yes
102603,Female,<30,Yes,6,No
102604,Male,>50,No,1,No
102605,Female,>50,No,3,No
102606,Male,>50,Yes,5,Yes
102607,Female,<30,No,4,No
102608,Female,30-50,No,3,Yes
102609,Female,30-50,No,1,Yes
102610,Male,30-50,Yes,12,Yes
102611,Female,<30,No,7,Yes
102612,Female,>50,No,2,No
102613,Female,30-50,Yes,9,Yes
102614,Male,30-50,No,2,No
102615,Female,<30,Yes,7,No
102616,Male,>50,Yes,5,No
102617,Female,<30,No,5,No
102618,Male,30-50,Yes,5,Yes
102619,Female,30-50,Yes,13,Yes
102620,Female,>50,No,7,No
102621,Female,30-50,Yes,8,Yes
102622,Male,<30,No,4,No
102623,Female,>50,Yes,14,Yes
102624,Female,30-50,No,5,No
102625,Female,<30,Yes,9,No
102626,Female,<30,No,5,No
102627,Female,30-50,No,1,No
102628,Female,30-50,Yes,12,Yes
102629,Female,<30,No,4,Yes
102630,Female,30-50,Yes,13,Yes
102631,Male,<30,No,5,No
102632,Female,30-50,Yes,9,Yes
102633,Male,30-50,Yes,14,No
102634,Male,30-50,No,1,No
102635,Female,<30,Yes,14,No
102636,Female,30-50,No,1,No
102637,Male,>50,No,1,No
102638,Female,>50,Yes,10,No
102639,Male,30-50,Yes,10,No
102640,Male,30-50,Yes,15,No
102641,Female,30-50,Yes,14,No
102642,Male,<30,Yes,5,No
102643,Female,30-50,Yes,6,No
102644,Female,30-50,No,5,Yes
102645,Female,>50,Yes,8,Yes
102646,Male,>50,No,6,No
102647,Female,>50,No,2,No
102648,Male,<30,No,4,No
102649,Female,>50,Yes,15,Yes
102650,Male,30-50,Yes,13,No
102651,Female,30-50,No,6,Yes
102652,Female,<30,Yes,6,Yes
102653,Female,<30,Yes,15,Yes
102654,Female,30-50,Yes,12,No
102655,Male,>50,Yes,11,Yes
102656,Male,30-50,No,3,No
102657,Female,<30,Yes,14,No
102658,Male,>50,Yes,10,No
102659,Female,30-50,Yes,8,Yes
102660,Female,>50,Yes,5,No
102661,Male,30-50,No,2,Yes
102662,Female,>50,Yes,5,Yes
102663,Female,30-50,Yes,12,No
102664,Female,<30,Yes,11,No
102665,Male,30-50,No,3,No
102666,Male,<30,Yes,14,No
102667,Female,>50,Yes,12,No
102668,Female,<30,No,1,No
102669,Male,>50,Yes,8,No
102670,Female,30-50,Yes,6,No
102671,Female,>50,No,4,No
102672,Female,30-50,No,6,No
102673,Female,30-50,No,4,No
102674,Female,<30,No,2,No
102675,Male,<30,Yes,13,Yes
102676,Female,30-50,Yes,13,Yes
102677,Female,>50,Yes,11,Yes
102678,Female,30-50,No,2,No
102679,Female,30-50,Yes,14,Yes
102680,Female,30-50,Yes,5,No
102681,Male,30-50,No,1,No
102682,Female,30-50,No,6,No
102683,Male,>50,No,1,No
102684,Female,30-50,Yes,9,Yes
102685,Male,30-50,Yes,5,Yes
102686,Female,30-50,Yes,7,No
102687,Female,30-50,No,5,Yes
102688,Female,30-50,Yes,13,No
102689,Female,30-50,Yes,10,No
102690,Female,<30,Yes,8,Yes
102691,Female,30-50,Yes,14,No
102692,Female,<30,No,6,No
102693,Female,<30,No,1,No
102694,Female,>50,Yes,12,Yes
102695,Male,30-50,No,4,No
102696,Male,30-50,No,5,No
102697,Female,30-50,No,6,No
102698,Female,30-50,Yes,10,Yes
102699,Male,<30,No,2,Yes
102700,Male,>50,Yes,15,Yes
102701,Male,30-50,Yes,13,Yes
102702,Female,<30,Yes,12,No
102703,Male,>50,Yes,14,No
102704,Male,30-50,No,7,No
102705,Male,>50,No,6,Yes
102706,Female,>50,Yes,15,No
102707,Female,30-50,No,6,No
102708,Male,<30,Yes,8,No
102709,Female,30-50,Yes,7,No
102710,Female,30-50,Yes,6,Yes
102711,Female,30-50,Yes,15,Yes
102712,Female,>50,Yes,15,Yes
102713,Female,<30,Yes,9,No
102714,Male,30-50,Yes,13,Yes
102715,Female,<30,Yes,12,No
102716,Female,30-50,Yes,9,Yes
102717,Female,>50,No,3,Yes
102718,Female,30-50,No,4,No
102719,Female,>50,Yes,15,Yes
102720,Female,<30,Yes,15,Yes
102721,Male,30-50,No,3,No
102722,Male,30-50,No,7,No
102723,Female,>50,No,6,No
102724,Female,30-50,Yes,15,No
102725,Female,<30,No,1,No
102726,Male,<30,No,2,No
102727,Female,30-50,Yes,14,Yes
102728,Male,30-50,Yes,5,No
102729,Female,30-50,Yes,7,No
102730,Female,>50,Yes,12,No
102731,Male,30-50,Yes,15,Yes
102732,Female,>50,No,7,No
102733,Male,30-50,Yes,9,Yes
102734,Male,<30,Yes,5,No
102735,Male,30-50,Yes,8,No
102736,Female,30-50,Yes,10,No
102737,Female,30-50,Yes,6,No
102738,Female,30-50,No,4,No
102739,Male,<30,Yes,9,No
102740,Male,30-50,Yes,12,No
102741,Female,>50,Yes,11,No
102742,Male,30-50,No,1,No
102743,Female,30-50,No,6,Yes
102744,Female,30-50,Yes,12,Yes
102745,Female,>50,Yes,10,No
102746,Female,>50,Yes,13,No
102747,Female,30-50,Yes,5,Yes
102748,Female,>50,No,4,Yes
102749,Female,30-50,No,4,No
102750,Female,<30,Yes,9,Yes
102751,Female,30-50,Yes,6,No
102752,Female,>50,No,6,Yes
102753,Male,30-50,Yes,6,Yes
102754,Male,30-50,Yes,12,No
102755,Female,<30,Yes,15,Yes
102756,Female,<30,Yes,7,No
102757,Male,30-50,No,6,No
102758,Female,>50,Yes,14,Yes
102759,Female,30-50,Yes,5,No
102760,Male,30-50,Yes,10,Yes
102761,Female,<30,Yes,10,No
102762,Female,>50,Yes,15,Yes
102763,Male,<30,Yes,6,No
102764,Female,30-50,Yes,14,Yes
102765,Male,30-50,No,6,Yes
102766,Male,30-50,No,5,Yes
102767,Female,30-50,Yes,13,Yes
102768,Female,>50,No,7,Yes
102769,Male,30-50,No,1,No
102770,Female,30-50,Yes,9,No
102771,Female,30-50,No,5,No
102772,Female,>50,Yes,9,No
102773,Female,>50,Yes,11,No
102774,Female,>50,No,1,No
102775,Female,>50,Yes,10,Yes
102776,Female,>50,No,4,No
102777,Male,<30,No,4,No
102778,Male,30-50,Yes,14,No
102779,Male,30-50,Yes,7,No
102780,Female,30-50,No,1,No
102781,Female,>50,No,6,Yes
102782,Female,30-50,No,5,Yes
102783,Female,30-50,No,6,Yes
102784,Male,<30,No,6,No
102785,Female,30-50,Yes,11,No
102786,Female,30-50,No,2,Yes
102787,Female,30-50,Yes,13,Yes
102788,Female,30-50,No,3,No
102789,Male,<30,Yes,10,No
102790,Female,>50,No,6,No
102791,Male,>50,No,6,No
102792,Male,30-50,Yes,9,Yes
102793,Female,30-50,Yes,5,No
102794,Male,30-50,Yes,6,No
102795,Female,30-50,Yes,15,Yes
102796,Male,>50,Yes,5,No
102797,Female,30-50,No,7,No
102798,Male,30-50,Yes,12,Yes
102799,Female,<30,Yes,7,Yes
102800,Male,>50,No,1,No
102801,Female,30-50,Yes,5,Yes
102802,Female,30-50,Yes,6,No
102803,Female,30-50,Yes,6,No
102804,Female,>50,Yes,15,No
102805,Male,>50,No,2,No
102806,Female,30-50,Yes,9,Yes
102807,Male,30-50,Yes,5,No
102808,Female,<30,Yes,13,Yes
102809,Female,30-50,No,6,No
102810,Female,30-50,Yes,9,Yes
102811,Female,<30,No,2,No
102812,Male,>50,No,7,Yes
102813,Female,30-50,No,2,No
102814,Female,<30,No,7,No
102815,Female,>50,No,4,No
102816,Male,30-50,No,5,No
102817,Female,30-50,Yes,11,Yes
102818,Male,30-50,Yes,10,Yes
102819,Female,30-50,Yes,7,Yes
102820,Female,30-50,No,5,No
102821,Female,>50,No,6,No
102822,Female,>50,No,3,No
102823,Female,<30,No,6,No
102824,Male,30-50,No,6,Yes
102825,Female,>50,Yes,14,No
102826,Female,30-50,Yes,14,Yes
102827,Female,30-50,Yes,11,Yes
102828,Female,30-50,Yes,9,Yes
102829,Female,30-50,Yes,7,Yes
102830,Male,>50,Yes,7,No
102831,Male,<30,Yes,5,Yes
102832,Male,>50,Yes,6,No
102833,Female,30-50,Yes,6,Yes
102834,Male,<30,No,5,No
102835,Female,>50,No,6,No
102836,Male,30-50,No,7,No
102837,Female,<30,Yes,8,No
102838,Female,30-50,Yes,8,No
102839,Female,30-50,Yes,5,No
102840,Female,<30,Yes,15,Yes
102841,Male,<30,Yes,14,No
102842,Male,30-50,Yes,15,No
102843,Male,>50,Yes,9,No
102844,Female,>50,Yes,6,Yes
102845,Female,30-50,Yes,8,No
102846,Female,>50,No,5,Yes
102847,Male,>50,Yes,11,No
102848,Female,<30,Yes,7,No
102849,Female,30-50,Yes,11,Yes
102850,Male,>50,Yes,8,No
102851,Female,>50,No,3,No
102852,Female,30-50,No,2,Yes
102853,Male,30-50,No,2,No
102854,Male,30-50,Yes,7,No
102855,Female,>50,No,1,No
102856,Female,>50,No,1,No
102857,Male,<30,Yes,14,Yes
102858,Female,30-50,Yes,11,Yes
102859,Female,30-50,Yes,15,Yes
102860,Male,30-50,No,1,No
102861,Female,30-50,Yes,9,Yes
102862,Male,30-50,Yes,7,No
102863,Male,>50,No,6,No
102864,Male,<30,Yes,5,No
102865,Female,30-50,No,4,Yes
102866,Male,30-50,Yes,10,No
102867,Female,30-50,Yes,6,Yes
102868,Male,>50,Yes,7,No
102869,Male,30-50,Yes,8,Yes
102870,Female,<30,Yes,7,No
102871,Male,30-50,No,6,No
102872,Female,>50,No,1,No
102873,Female,30-50,Yes,12,Yes
102874,Male,30-50,No,5,Yes
102875,Female,30-50,Yes,7,Yes
102876,Female,<30,No,7,No
102877,Female,30-50,Yes,15,Yes
102878,Male,<30,Yes,12,Yes
102879,Female,<30,Yes,13,No
102880,Male,30-50,No,4,No
102881,Female,30-50,Yes,13,Yes
102882,Male,<30,Yes,7,No
102883,Female,30-50,No,5,No
102884,Female,<30,No,7,No
102885,Female,>50,Yes,12,Yes
102886,Female,>50,Yes,9,Yes
102887,Male,>50,No,1,No
102888,Male,30-50,No,3,Yes
102889,Female,<30,No,2,No
102890,Female,>50,Yes,11,No
102891,Female,>50,No,7,No
102892,Female,30-50,Yes,7,No
102893,Male,<30,Yes,15,No
102894,Female,<30,Yes,8,No
102895,Male,<30,Yes,14,Yes
102896,Female,<30,No,5,No
102897,Female,<30,Yes,13,Yes
102898,Female,<30,No,2,Yes
102899,Male,30-50,Yes,8,Yes
102900,Male,30-50,Yes,10,No
102901,Female,30-50,No,7,No
102902,Female,>50,Yes,7,No
102903,Male,30-50,Yes,10,Yes
102904,Male,30-50,No,6,No
102905,Female,30-50,Yes,14,Yes
102906,Male,30-50,Yes,12,No
102907,Female,30-50,Yes,10,Yes
102908,Female,>50,No,3,No
102909,Female,>50,Yes,15,Yes
102910,Male,<30,No,2,No
102911,Female,30-50,Yes,9,Yes
102912,Female,>50,Yes,11,Yes
102913,Male,>50,Yes,8,No
102914,Male,30-50,No,2,Yes
102915,Male,<30,No,1,No
102916,Female,30-50,Yes,8,Yes
102917,Female,>50,Yes,10,Yes
102918,Female,<30,Yes,10,No
102919,Female,<30,No,3,No
102920,Female,>50,Yes,8,Yes
102921,Male,<30,No,2,No
102922,Female,<30,No,4,No
102923,Female,30-50,Yes,13,No
102924,Female,30-50,Yes,12,No
102925,Female,>50,No,4,No
102926,Male,30-50,Yes,8,No
102927,Male,<30,Yes,5,Yes
102928,Female,30-50,No,1,No
102929,Female,30-50,Yes,13,No
102930,Female,>50,Yes,9,Yes
102931,Male,<30,No,4,No
102932,Female,<30,Yes,6,Yes
102933,Female,<30,No,4,No
102934,Female,<30,No,5,Yes
102935,Female,30-50,No,2,No
102936,Male,30-50,Yes,5,No
102937,Male,30-50,Yes,8,Yes
102938,Male,30-50,Yes,6,Yes
102939,Female,30-50,No,3,No
102940,Female,>50,Yes,15,Yes
102941,Female,30-50,Yes,13,No
102942,Female,<30,Yes,9,No
102943,Male,<30,Yes,6,No
102944,Female,<30,Yes,7,Yes
102945,Male,30-50,No,5,No
102946,Female,30-50,No,2,No
102947,Female,>50,Yes,14,No
102948,Female,<30,No,2,No
102949,Female,30-50,Yes,7,No
102950,Male,30-50,Yes,11,Yes
102951,Female,30-50,Yes,11,No
102952,Female,>50,Yes,7,Yes
102953,Male,30-50,Yes,10,Yes
102954,Female,<30,Yes,13,No
102955,Female,>50,Yes,12,No
102956,Female,>50,Yes,7,Yes
102957,Male,>50,Yes,15,No
102958,Female,30-50,Yes,11,No
102959,Male,30-50,Yes,8,Yes
102960,Female,30-50,Yes,5,No
102961,Male,<30,Yes,9,No
102962,Female,30-50,No,7,No
102963,Male,30-50,No,2,No
102964,Female,30-50,Yes,15,Yes
102965,Male,>50,Yes,13,No
102966,Female,<30,No,2,No
102967,Male,<30,Yes,9,Yes
102968,Female,30-50,Yes,10,No
102969,Female,<30,Yes,8,Yes
102970,Female,30-50,No,7,Yes
102971,Male,30-50,No,5,No
102972,Female,30-50,No,3,Yes
102973,Female,>50,Yes,8,Yes
102974,Female,30-50,Yes,10,Yes
102975,Female,<30,No,5,No
102976,Male,30-50,Yes,11,Yes
102977,Male,30-50,Yes,9,Yes
102978,Female,<30,Yes,15,Yes
102979,Male,<30,No,7,No
102980,Female,>50,Yes,9,Yes
102981,Female,>50,Yes,10,No
102982,Female,>50,No,4,Yes
102983,Female,>50,Yes,15,Yes
102984,Female,<30,Yes,12,No
102985,Female,<30,No,5,No
102986,Female,<30,Yes,8,No
102987,Male,30-50,Yes,10,Yes
102988,Male,30-50,No,1,Yes
102989,Female,30-50,No,6,No
102990,Male,>50,Yes,6,No
102991,Male,<30,No,5,No
102992,Female,<30,Yes,10,No
102993,Male,>50,Yes,8,Yes
102994,Female,<30,No,3,No
102995,Male,30-50,Yes,13,No
102996,Female,30-50,No,2,No
102997,Female,30-50,Yes,14,Yes
102998,Male,30-50,Yes,15,Yes
102999,Female,<30,No,3,No
103000,Female,30-50,Yes,13,No
103001,Female,>50,Yes,9,No
103002,Female,<30,Yes,14,No
103003,Male,>50,No,6,No
103004,Female,>50,Yes,6,Yes
103005,Female,<30,No,1,No
103006,Female,>50,No,4,Yes
103007,Female,<30,Yes,13,No
103008,Male,30-50,Yes,13,No
103009,Male,>50,No,4,No
103010,Female,30-50,Yes,13,No
103011,Female,>50,No,3,No
103012,Male,<30,Yes,5,No
103013,Male,30-50,Yes,10,No
103014,Female,>50,No,7,No
103015,Male,>50,Yes,9,No
103016,Male,30-50,No,5,No
103017,Female,30-50,Yes,5,Yes
103018,Female,30-50,Yes,13,Yes
103019,Female,30-50,Yes,14,No
103020,Female,30-50,Yes,14,Yes
103021,Male,<30,Yes,14,No
103022,Male,30-50,Yes,8,No
103023,Female,>50,No,3,Yes
103024,Female,<30,Yes,11,Yes
103025,Female,30-50,No,4,No
103026,Female,<30,Yes,14,Yes
103027,Female,30-50,Yes,9,Yes
103028,Female,30-50,Yes,10,No
103029,Female,<30,Yes,10,No
103030,Female,<30,Yes,12,Yes
103031,Male,30-50,Yes,5,No
103032,Male,30-50,No,6,No
103033,Female,30-50,No,1,No
103034,Female,30-50,Yes,9,Yes
103035,Female,<30,No,5,No
103036,Female,<30,No,3,No
103037,Male,>50,Yes,14,No
103038,Male,<30,Yes,12,Yes
103039,Female,30-50,Yes,5,Yes
103040,Male,30-50,Yes,14,No
103041,Male,30-50,No,7,Yes
103042,Female,30-50,Yes,15,No
103043,Male,>50,Yes,6,No
103044,Male,30-50,Yes,10,Yes
103045,Female,<30,Yes,5,No
103046,Female,>50,Yes,12,Yes
103047,Male,30-50,Yes,8,No
103048,Female,<30,No,3,No
103049,Female,<30,No,3,Yes
103050,Female,>50,Yes,11,Yes
103051,Male,30-50,Yes,6,No
103052,Male,<30,Yes,5,No
103053,Male,30-50,No,6,No
103054,Male,>50,No,4,No
103055,Female,>50,Yes,12,Yes
103056,Female,<30,Yes,15,Yes
103057,Female,30-50,No,6,No
103058,Female,30-50,Yes,14,Yes
103059,Male,30-50,Yes,5,Yes
103060,Female,<30,Yes,5,No
103061,Female,>50,Yes,13,Yes
103062,Male,30-50,No,3,Yes
103063,Female,30-50,Yes,14,No
103064,Female,30-50,No,7,Yes
103065,Female,<30,Yes,12,Yes
103066,Female,30-50,Yes,11,No
103067,Female,30-50,Yes,6,No
103068,Female,30-50,No,7,No
103069,Male,>50,No,7,No
103070,Male,<30,No,6,No
103071,Male,30-50,Yes,7,No
103072,Female,30-50,Yes,12,Yes
103073,Male,<30,No,7,No
103074,Female,30-50,No,2,Yes
103075,Female,30-50,Yes,11,Yes
103076,Male,<30,No,5,No
103077,Female,30-50,Yes,9,No
103078,Female,<30,Yes,12,No
103079,Male,>50,Yes,13,No
103080,Male,30-50,No,4,No
103081,Female,>50,Yes,5,No
103082,Female,30-50,Yes,9,Yes
103083,Male,30-50,Yes,14,Yes
103084,Female,30-50,Yes,6,No
103085,Male,>50,Yes,10,Yes
103086,Female,<30,Yes,11,Yes
103087,Female,>50,Yes,9,No
103088,Female,<30,Yes,12,No
103089,Female,<30,Yes,7,No
103090,Female,<30,No,5,Yes
103091,Male,30-50,Yes,14,Yes
103092,Female,<30,Yes,7,No
103093,Female,<30,No,6,No
103094,Female,>50,No,4,No
103095,Female,30-50,Yes,10,Yes
103096,Female,>50,Yes,11,Yes
103097,Female,<30,Yes,11,No
103098,Female,30-50,Yes,11,Yes
103099,Female,30-50,Yes,7,Yes
103100,Female,<30,No,5,No
103101,Female,30-50,Yes,15,Yes
103102,Male,30-50,No,4,No
103103,Female,>50,Yes,13,No
103104,Female,30-50,No,3,No
103105,Male,30-50,Yes,14,Yes
103106,Male,<30,No,1,No
103107,Male,30-50,Yes,9,Yes
103108,Female,30-50,Yes,11,No
103109,Male,30-50,Yes,6,Yes
103110,Female,30-50,Yes,14,No
103111,Female,30-50,Yes,6,Yes
103112,Female,>50,Yes,10,Yes
103113,Female,<30,No,6,No
103114,Female,30-50,No,3,No
103115,Female,30-50,Yes,9,Yes
103116,Male,>50,Yes,8,No
103117,Female,30-50,Yes,5,Yes
103118,Male,>50,Yes,12,Yes
103119,Female,>50,Yes,6,No
103120,Male,<30,No,4,No
103121,Female,<30,Yes,10,No
103122,Male,>50,Yes,10,No
103123,Female,30-50,No,2,No
103124,Male,<30,Yes,15,No
103125,Male,30-50,Yes,13,Yes
103126,Male,30-50,Yes,10,Yes
103127,Male,>50,Yes,12,Yes
103128,Male,30-50,Yes,12,Yes
103129,Female,>50,No,2,No
103130,Male,>50,Yes,12,No
103131,Male,<30,Yes,12,No
103132,Female,30-50,Yes,8,No
103133,Female,30-50,No,4,No
103134,Female,30-50,Yes,6,Yes
103135,Female,>50,No,2,Yes
103136,Male,<30,Yes,15,No
103137,Male,30-50,Yes,14,No
103138,Male,30-50,No,4,No
103139,Male,>50,No,2,No
103140,Female,>50,No,4,No
103141,Male,<30,Yes,13,Yes
103142,Male,30-50,Yes,7,No
103143,Female,>50,No,2,Yes
103144,Female,<30,No,7,No
103145,Male,>50,Yes,9,No
103146,Female,>50,Yes,14,No
103147,Female,<30,No,6,No
103148,Male,30-50,Yes,9,Yes
103149,Male,<30,Yes,14,No
103150,Female,>50,Yes,13,Yes
103151,Male,30-50,Yes,14,Yes
103152,Female,30-50,Yes,6,Yes
103153,Female,30-50,No,7,No
103154,Female,>50,Yes,9,Yes
103155,Male,>50,Yes,7,No
103156,Female,<30,No,5,No
103157,Female,<30,No,7,No
103158,Female,>50,Yes,11,Yes
103159,Female,30-50,Yes,11,Yes
103160,Male,<30,No,1,No
103161,Male,30-50,Yes,8,Yes
103162,Male,30-50,Yes,6,No
103163,Female,30-50,Yes,5,No
103164,Male,>50,Yes,13,No
103165,Male,<30,Yes,12,No
103166,Female,30-50,Yes,9,No
103167,Female,>50,No,5,No
103168,Female,<30,Yes,10,Yes
103169,Male,<30,No,5,No
103170,Female,>50,Yes,8,Yes
103171,Female,30-50,No,7,No
103172,Female,30-50,Yes,8,No
103173,Female,>50,No,2,No
103174,Male,30-50,Yes,10,Yes
103175,Male,30-50,No,4,No
103176,Female,<30,Yes,10,Yes
103177,Male,>50,Yes,14,Yes
103178,Female,<30,Yes,6,Yes
103179,Female,>50,Yes,14,No
103180,Male,30-50,Yes,7,Yes
103181,Female,30-50,No,1,No
103182,Male,30-50,Yes,8,No
103183,Female,>50,Yes,6,No
103184,Male,<30,Yes,13,No
103185,Male,<30,Yes,9,Yes
103186,Male,30-50,Yes,6,Yes
103187,Female,<30,No,4,No
103188,Female,30-50,Yes,15,No
103189,Male,<30,Yes,14,Yes
103190,Female,>50,No,1,No
103191,Female,30-50,Yes,8,No
103192,Female,<30,Yes,9,Yes
103193,Female,30-50,Yes,5,No
103194,Female,>50,Yes,8,No
103195,Male,30-50,No,2,Yes
103196,Female,<30,Yes,7,No
103197,Female,<30,Yes,11,No
103198,Female,<30,Yes,8,No
103199,Female,<30,No,5,No
103200,Female,>50,No,5,Yes
103201,Male,<30,No,2,No
103202,Female,<30,Yes,5,Yes
103203,Male,30-50,No,6,No
103204,Female,30-50,No,7,Yes
103205,Female,30-50,No,4,No
103206,Male,30-50,No,7,No
103207,Female,30-50,Yes,14,Yes
103208,Female,<30,No,5,No
103209,Female,30-50,No,7,Yes
103210,Male,30-50,No,2,No
103211,Male,>50,Yes,6,No
103212,Female,<30,No,7,No
103213,Female,30-50,Yes,7,No
103214,Female,<30,No,2,No
103215,Male,>50,Yes,5,No
103216,Female,30-50,Yes,11,Yes
103217,Female,<30,No,3,No
103218,Female,>50,No,3,No
103219,Female,30-50,No,2,No
103220,Male,30-50,No,2,Yes
103221,Male,30-50,Yes,12,No
103222,Female,<30,Yes,8,No
103223,Female,>50,Yes,8,No
103224,Male,>50,No,4,No
103225,Male,>50,Yes,9,No
103226,Male,30-50,Yes,15,Yes
103227,Male,30-50,No,2,No
103228,Male,<30,Yes,6,Yes
103229,Female,30-50,No,4,Yes
103230,Female,>50,Yes,13,No
103231,Female,30-50,No,2,Yes
103232,Female,30-50,Yes,12,No
103233,Female,30-50,No,6,No
103234,Female,30-50,Yes,6,No
103235,Male,30-50,Yes,5,Yes
103236,Female,>50,Yes,5,No
103237,Male,30-50,Yes,13,Yes
103238,Female,>50,No,6,No
103239,Male,30-50,Yes,8,Yes
103240,Female,>50,Yes,6,Yes
103241,Female,30-50,Yes,9,Yes
103242,Male,>50,No,4,No
103243,Male,30-50,Yes,5,Yes
103244,Male,30-50,Yes,12,No
103245,Male,<30,Yes,6,No
103246,Female,30-50,Yes,6,Yes
103247,Female,>50,Yes,14,Yes
103248,Female,>50,No,5,No
103249,Female,<30,Yes,12,Yes
103250,Male,<30,No,2,No
103251,Female,<30,Yes,8,No
103252,Female,30-50,Yes,14,Yes
103253,Female,>50,Yes,8,No
103254,Male,30-50,Yes,14,Yes
103255,Female,30-50,Yes,12,Yes
103256,Male,<30,Yes,14,No
103257,Female,>50,Yes,15,No
103258,Female,30-50,Yes,11,Yes
103259,Male,>50,Yes,8,No
103260,Female,30-50,Yes,10,No
103261,Male,30-50,Yes,5,No
103262,Female,<30,Yes,14,Yes
103263,Female,>50,Yes,11,No
103264,Female,<30,No,3,No
103265,Female,>50,Yes,13,No
103266,Female,30-50,No,5,Yes
103267,Female,30-50,Yes,11,No
103268,Female,30-50,Yes,7,No
103269,Female,30-50,Yes,9,Yes
103270,Female,30-50,No,7,No
103271,Male,30-50,Yes,15,Yes
103272,Male,<30,Yes,14,Yes
103273,Female,<30,Yes,15,No
103274,Female,>50,Yes,7,Yes
103275,Female,>50,No,5,No
103276,Female,>50,Yes,5,Yes
103277,Male,30-50,Yes,10,No
103278,Male,30-50,Yes,8,No
103279,Female,30-50,No,2,No
103280,Female,<30,No,1,No
103281,Female,30-50,No,3,No
103282,Female,<30,Yes,10,No
103283,Female,<30,Yes,14,Yes
103284,Male,30-50,Yes,8,No
103285,Male,<30,No,7,No
103286,Female,<30,Yes,12,No
103287,Female,30-50,Yes,10,Yes
103288,Male,30-50,Yes,7,Yes
103289,Male,<30,No,7,No
103290,Female,30-50,Yes,14,Yes
103291,Female,30-50,No,6,No
103292,Female,30-50,No,2,No
103293,Male,>50,Yes,9,No
103294,Female,30-50,Yes,13,No
103295,Female,30-50,Yes,7,Yes
103296,Female,30-50,No,7,Yes
103297,Male,<30,Yes,5,Yes
103298,Female,<30,No,2,No
103299,Female,>50,Yes,11,No
103300,Male,30-50,Yes,5,No
103301,Female,>50,Yes,11,Yes
103302,Female,<30,Yes,14,Yes
103303,Male,<30,No,7,No
103304,Female,>50,Yes,13,No
103305,Female,<30,Yes,5,No
103306,Female,<30,Yes,6,No
103307,Female,<30,Yes,14,No
103308,Female,>50,Yes,11,No
103309,Male,30-50,Yes,7,Yes
103310,Male,30-50,Yes,13,No
103311,Female,<30,No,2,No
103312,Female,>50,Yes,15,No
103313,Female,30-50,Yes,7,Yes
103314,Male,30-50,Yes,15,No
103315,Female,>50,Yes,5,Yes
103316,Female,<30,No,2,Yes
103317,Female,<30,Yes,15,No
103318,Female,30-50,Yes,12,Yes
103319,Male,<30,Yes,14,Yes
103320,Female,<30,No,6,No
103321,Female,<30,Yes,10,No
103322,Female,<30,Yes,6,No
103323,Female,>50,No,1,No
103324,Female,30-50,Yes,12,Yes
103325,Female,30-50,Yes,5,Yes
103326,Female,>50,Yes,9,Yes
103327,Female,30-50,Yes,13,No
103328,Male,>50,No,1,No
103329,Male,30-50,Yes,8,Yes
103330,Male,<30,Yes,14,Yes
103331,Female,>50,No,6,Yes
103332,Male,<30,Yes,10,No
103333,Female,<30,No,2,Yes
103334,Male,30-50,No,7,No
103335,Female,30-50,No,2,No
103336,Female,>50,Yes,11,No
103337,Male,30-50,Yes,9,Yes
103338,Male,30-50,Yes,15,Yes
103339,Female,30-50,No,7,Yes
103340,Female,>50,Yes,6,No
103341,Female,<30,Yes,13,No
103342,Female,30-50,Yes,12,No
103343,Female,30-50,Yes,10,Yes
103344,Male,>50,Yes,7,No
103345,Male,30-50,No,4,No
103346,Male,<30,Yes,13,Yes
103347,Female,30-50,Yes,5,No
103348,Female,30-50,No,6,No
103349,Female,30-50,Yes,14,Yes
103350,Male,30-50,Yes,13,Yes
103351,Female,30-50,No,5,No
103352,Female,>50,Yes,15,No
103353,Male,30-50,Yes,14,No
103354,Female,>50,No,7,No
103355,Female,<30,Yes,6,No
103356,Male,30-50,Yes,12,No
103357,Female,<30,Yes,5,No
103358,Female,>50,Yes,14,Yes
103359,Female,30-50,Yes,14,Yes
103360,Female,30-50,No,5,No
103361,Male,30-50,Yes,14,Yes
103362,Female,30-50,Yes,12,Yes
103363,Female,>50,No,6,No
103364,Male,30-50,No,5,No
103365,Female,30-50,No,3,No
103366,Female,<30,No,6,Yes
103367,Male,<30,No,7,No
103368,Female,30-50,Yes,10,Yes
103369,Female,30-50,No,7,No
103370,Female,>50,Yes,8,Yes
103371,Female,30-50,Yes,14,Yes
103372,Male,>50,Yes,5,No
103373,Male,>50,Yes,9,Yes
103374,Female,30-50,Yes,7,No
103375,Male,>50,No,4,No
103376,Male,>50,No,2,No
103377,Male,<30,Yes,15,Yes
103378,Female,>50,Yes,15,Yes
103379,Female,<30,No,2,No
103380,Female,30-50,Yes,15,No
103381,Female,<30,No,4,No
103382,Male,<30,Yes,14,No
103383,Male,<30,Yes,11,No
103384,Female,<30,No,1,No
103385,Male,<30,No,5,No
103386,Female,30-50,Yes,10,Yes
103387,Male,>50,Yes,6,No
103388,Female,<30,Yes,9,Yes
103389,Female,30-50,Yes,5,Yes
103390,Female,>50,Yes,6,Yes
103391,Female,30-50,Yes,7,No
103392,Female,<30,No,5,Yes
103393,Female,30-50,Yes,11,Yes
103394,Male,>50,Yes,12,Yes
103395,Male,30-50,Yes,5,Yes
103396,Female,30-50,Yes,12,Yes
103397,Female,<30,Yes,13,Yes
103398,Female,>50,No,6,No
103399,Female,<30,Yes,10,No
103400,Male,>50,Yes,13,Yes
103401,Female,>50,No,1,No
103402,Female,>50,No,4,No
103403,Female,<30,No,4,No
103404,Female,>50,No,1,No
103405,Male,<30,Yes,7,No
103406,Female,>50,No,7,No
103407,Female,<30,Yes,12,No
103408,Male,30-50,Yes,10,No
103409,Female,<30,Yes,7,No
103410,Male,<30,Yes,15,No
103411,Male,<30,No,2,No
103412,Female,30-50,Yes,6,No
103413,Male,30-50,Yes,5,No
103414,Female,>50,Yes,8,No
103415,Female,>50,No,4,No
103416,Male,<30,Yes,11,Yes
103417,Male,30-50,Yes,14,Yes
103418,Female,30-50,No,3,No
103419,Female,30-50,Yes,8,Yes
103420,Male,<30,Yes,6,No
103421,Female,30-50,Yes,13,No
103422,Female,30-50,No,5,Yes
103423,Male,>50,Yes,12,No
103424,Male,<30,Yes,15,No
103425,Female,30-50,Yes,13,Yes
103426,Female,>50,No,5,Yes
103427,Female,30-50,Yes,12,Yes
103428,Female,30-50,No,3,Yes
103429,Male,30-50,Yes,8,No
103430,Female,30-50,No,3,No
103431,Female,>50,Yes,5,No
103432,Male,30-50,No,5,No
103433,Male,30-50,No,2,No
103434,Male,30-50,Yes,12,Yes
103435,Male,>50,Yes,5,No
103436,Female,30-50,Yes,13,Yes
103437,Female,<30,No,4,No
103438,Male,30-50,Yes,6,No
103439,Female,30-50,Yes,15,Yes
103440,Female,30-50,Yes,8,No
103441,Female,>50,Yes,5,Yes
103442,Female,>50,No,2,No
103443,Female,30-50,No,2,No
103444,Female,30-50,No,3,No
103445,Female,>50,No,2,No
103446,Female,30-50,Yes,9,No
103447,Male,<30,Yes,10,Yes
103448,Male,<30,No,7,No
103449,Male,<30,No,5,No
103450,Male,>50,Yes,13,Yes
103451,Female,30-50,Yes,10,Yes
103452,Male,30-50,No,5,No
103453,Male,>50,No,2,No
103454,Male,<30,Yes,5,No
103455,Female,>50,Yes,5,Yes
103456,Female,30-50,Yes,10,Yes
103457,Female,30-50,Yes,6,Yes
103458,Female,<30,Yes,13,Yes
103459,Female,30-50,Yes,7,Yes
103460,Female,30-50,Yes,6,Yes
103461,Female,30-50,Yes,8,Yes
103462,Male,30-50,Yes,12,Yes
103463,Female,>50,No,1,No
103464,Female,30-50,Yes,7,Yes
103465,Female,30-50,Yes,6,No
103466,Female,<30,Yes,6,No
103467,Female,>50,Yes,14,No
103468,Female,30-50,Yes,14,No
103469,Male,>50,Yes,13,Yes
103470,Female,30-50,Yes,9,Yes
103471,Male,<30,No,5,No
103472,Male,30-50,Yes,6,No
103473,Female,30-50,Yes,7,Yes
103474,Female,30-50,No,1,No
103475,Female,30-50,Yes,13,Yes
103476,Female,30-50,No,7,Yes
103477,Male,>50,Yes,6,No
103478,Female,>50,Yes,7,No
103479,Female,<30,Yes,6,Yes
103480,Male,>50,Yes,13,No
103481,Female,30-50,Yes,13,Yes
103482,Female,30-50,No,3,Yes
103483,Female,30-50,Yes,7,Yes
103484,Female,30-50,No,1,No
103485,Male,>50,No,5,Yes
103486,Female,30-50,Yes,8,Yes
103487,Female,<30,Yes,13,No
103488,Female,30-50,Yes,5,Yes
103489,Female,30-50,Yes,8,No
103490,Male,30-50,Yes,8,Yes
103491,Male,>50,No,5,No
103492,Male,>50,Yes,14,No
103493,Male,<30,Yes,8,No
103494,Female,30-50,No,3,No
103495,Male,>50,Yes,13,No
103496,Female,<30,Yes,13,No
103497,Female,<30,Yes,14,Yes
103498,Female,<30,Yes,11,Yes
103499,Female,30-50,Yes,8,No
103500,Female,30-50,No,4,Yes
103501,Female,>50,Yes,9,No
103502,Female,30-50,Yes,15,No
103503,Male,<30,Yes,14,No
103504,Male,30-50,No,3,No
103505,Female,>50,No,3,No
103506,Female,>50,Yes,9,No
103507,Male,<30,Yes,13,No
103508,Female,30-50,Yes,8,No
103509,Male,>50,No,7,No
103510,Male,30-50,Yes,14,Yes
103511,Female,30-50,Yes,13,Yes
103512,Female,<30,No,6,Yes
103513,Female,30-50,Yes,11,No
103514,Female,>50,Yes,11,Yes
103515,Female,30-50,Yes,8,Yes
103516,Male,>50,No,2,No
103517,Female,<30,No,3,No
103518,Male,30-50,Yes,9,No
103519,Female,<30,Yes,13,No
103520,Male,30-50,No,2,No
103521,Male,30-50,Yes,13,Yes
103522,Male,<30,Yes,8,No
103523,Female,<30,No,1,No
103524,Male,30-50,No,5,Yes
103525,Female,30-50,Yes,11,Yes
103526,Male,30-50,Yes,5,Yes
103527,Female,>50,No,6,No
103528,Female,<30,Yes,11,No
103529,Male,>50,Yes,7,Yes
103530,Female,<30,No,1,Yes
103531,Male,<30,Yes,7,No
103532,Male,30-50,No,4,No
103533,Female,30-50,No,3,No
103534,Male,>50,Yes,5,No
103535,Male,>50,Yes,12,No
103536,Female,<30,Yes,5,No
103537,Male,30-50,Yes,15,Yes
103538,Male,30-50,Yes,15,No
103539,Female,30-50,No,1,Yes
103540,Male,30-50,Yes,12,No
103541,Female,30-50,Yes,14,No
103542,Male,30-50,Yes,10,No
103543,Female,30-50,No,3,No
103544,Female,<30,No,4,No
103545,Male,<30,No,4,No
103546,Male,30-50,Yes,9,Yes
103547,Female,>50,Yes,10,No
103548,Male,>50,Yes,7,No
103549,Male,>50,No,3,No
103550,Female,30-50,No,2,No
103551,Female,<30,Yes,9,Yes
103552,Male,30-50,No,7,No
103553,Female,>50,Yes,5,No
103554,Female,>50,No,1,No
103555,Female,>50,No,1,No
103556,Male,<30,No,7,No
103557,Male,>50,No,2,No
103558,Male,30-50,Yes,10,Yes
103559,Female,<30,No,1,No
103560,Female,30-50,Yes,14,Yes
103561,Male,30-50,Yes,13,Yes
103562,Male,>50,Yes,15,No
103563,Female,30-50,Yes,5,Yes
103564,Male,30-50,Yes,6,No
103565,Female,>50,Yes,9,No
103566,Male,30-50,No,5,Yes
103567,Female,30-50,Yes,7,No
103568,Male,<30,No,4,No
103569,Female,>50,Yes,15,No
103570,Female,<30,Yes,14,Yes
103571,Male,30-50,Yes,12,No
103572,Male,>50,Yes,15,No
103573,Female,>50,Yes,10,Yes
103574,Female,<30,Yes,6,No
103575,Male,<30,Yes,15,No
103576,Male,30-50,Yes,7,Yes
103577,Female,>50,Yes,13,No
103578,Female,30-50,Yes,13,Yes
103579,Female,30-50,No,4,Yes
103580,Female,30-50,No,1,No
103581,Female,30-50,No,4,No
103582,Male,30-50,Yes,15,Yes
103583,Female,>50,No,4,No
103584,Female,<30,No,5,No
103585,Male,30-50,Yes,6,No
103586,Male,>50,Yes,8,Yes
103587,Male,30-50,Yes,11,Yes
103588,Male,30-50,No,1,No
103589,Female,>50,Yes,12,No
103590,Female,30-50,Yes,9,Yes
103591,Female,30-50,Yes,10,No
103592,Male,30-50,Yes,11,Yes
103593,Female,30-50,No,1,No
103594,Female,>50,Yes,13,No
103595,Female,<30,Yes,7,No
103596,Male,>50,Yes,15,No
103597,Male,30-50,Yes,11,Yes
103598,Female,>50,No,7,No
103599,Female,<30,Yes,12,Yes
103600,Male,30-50,Yes,10,No
103601,Male,<30,Yes,6,Yes
103602,Male,<30,No,3,No
103603,Female,<30,No,5,Yes
103604,Male,30-50,Yes,6,No
103605,Female,>50,No,5,No
103606,Female,30-50,No,1,Yes
103607,Male,30-50,Yes,8,No
103608,Female,30-50,Yes,10,Yes
103609,Female,>50,Yes,9,No
103610,Female,>50,Yes,14,No
103611,Female,<30,Yes,10,No
103612,Female,<30,Yes,5,Yes
103613,Female,30-50,Yes,14,No
103614,Female,<30,Yes,13,Yes
103615,Female,30-50,No,6,Yes
103616,Male,<30,No,4,No
103617,Male,30-50,No,7,No
103618,Male,30-50,Yes,7,No
103619,Female,>50,Yes,7,Yes
103620,Male,30-50,No,6,Yes
103621,Female,30-50,No,7,No
103622,Female,>50,Yes,13,Yes
103623,Male,30-50,No,6,Yes
103624,Female,30-50,No,1,No
103625,Male,>50,No,7,No
103626,Female,30-50,No,7,Yes
103627,Female,30-50,Yes,12,No
103628,Male,30-50,Yes,7,No
103629,Male,<30,No,6,No
103630,Male,<30,Yes,9,No
103631,Female,30-50,Yes,8,Yes
103632,Male,30-50,No,2,No
103633,Male,30-50,Yes,12,Yes
103634,Female,30-50,Yes,15,Yes
103635,Male,>50,No,4,No
103636,Male,<30,Yes,7,Yes
103637,Female,>50,Yes,13,Yes
103638,Female,<30,No,4,No
103639,Female,30-50,Yes,13,No
103640,Female,30-50,Yes,11,Yes
103641,Female,>50,Yes,14,Yes
103642,Female,30-50,Yes,5,Yes
103643,Male,>50,No,4,No
103644,Female,<30,Yes,7,No
103645,Female,<30,No,4,No
103646,Male,30-50,Yes,13,Yes
103647,Male,<30,No,5,No
103648,Male,30-50,Yes,6,Yes
103649,Female,30-50,Yes,10,No
103650,Female,>50,Yes,13,Yes
103651,Female,>50,Yes,5,No
103652,Male,<30,Yes,12,Yes
103653,Female,30-50,Yes,9,Yes
103654,Male,30-50,No,7,No
103655,Female,30-50,Yes,13,No
103656,Female,<30,Yes,13,Yes
103657,Female,<30,No,7,Yes
103658,Female,30-50,Yes,14,Yes
103659,Male,>50,Yes,12,Yes
103660,Male,<30,No,3,No
103661,Female,30-50,Yes,5,Yes
103662,Male,30-50,No,4,No
103663,Female,30-50,Yes,10,Yes
103664,Male,30-50,No,3,No
103665,Female,30-50,No,6,No
103666,Male,30-50,Yes,12,Yes
103667,Female,30-50,Yes,10,Yes
103668,Male,30-50,Yes,11,No
103669,Female,30-50,Yes,6,No
103670,Female,30-50,Yes,5,No
103671,Male,30-50,Yes,14,Yes
103672,Male,30-50,Yes,11,Yes
103673,Male,30-50,Yes,6,Yes
103674,Female,30-50,Yes,5,Yes
103675,Male,>50,Yes,6,No
103676,Female,30-50,No,3,No
103677,Male,<30,No,4,No
103678,Male,30-50,Yes,14,Yes
103679,Female,30-50,Yes,13,No
103680,Male,>50,No,5,No
103681,Female,30-50,Yes,15,Yes
103682,Female,<30,No,7,No
103683,Male,>50,Yes,5,No
103684,Male,<30,No,5,No
103685,Male,>50,Yes,9,No
103686,Male,30-50,Yes,12,Yes
103687,Male,30-50,Yes,5,Yes
103688,Female,30-50,Yes,11,Yes
103689,Female,>50,Yes,11,Yes
103690,Female,30-50,No,3,Yes
103691,Male,>50,Yes,10,No
103692,Male,>50,No,5,No
103693,Male,>50,No,7,No
103694,Female,30-50,Yes,8,Yes
103695,Female,<30,No,1,No
103696,Male,30-50,Yes,9,Yes
103697,Male,>50,Yes,7,No
103698,Female,>50,No,5,Yes
103699,Male,30-50,Yes,15,No
103700,Female,>50,Yes,9,Yes
103701,Male,30-50,No,4,Yes
103702,Female,30-50,Yes,12,No
103703,Male,30-50,Yes,6,No
103704,Female,30-50,Yes,6,No
103705,Female,30-50,No,5,No
103706,Female,<30,Yes,12,Yes
103707,Female,<30,Yes,9,No
103708,Female,<30,No,6,No
103709,Female,<30,Yes,10,No
103710,Female,>50,Yes,13,Yes
103711,Male,30-50,Yes,6,No
103712,Female,>50,No,1,No
103713,Female,30-50,Yes,10,Yes
103714,Male,<30,No,6,No
103715,Female,30-50,No,1,Yes
103716,Female,30-50,Yes,12,Yes
103717,Female,30-50,Yes,10,Yes
103718,Female,30-50,Yes,12,Yes
103719,Male,30-50,Yes,9,Yes
103720,Male,<30,No,3,No
103721,Male,<30,Yes,10,Yes
103722,Male,<30,Yes,7,No
103723,Female,30-50,Yes,5,Yes
103724,Female,30-50,No,4,No
103725,Male,30-50,Yes,9,No
103726,Male,30-50,Yes,5,No
103727,Female,>50,Yes,6,No
103728,Male,30-50,Yes,15,No
103729,Male,>50,No,6,No
103730,Female,30-50,No,4,No
103731,Female,>50,No,7,Yes
103732,Male,30-50,Yes,8,Yes
103733,Male,30-50,Yes,7,Yes
103734,Female,>50,Yes,12,Yes
103735,Female,30-50,Yes,13,Yes
103736,Male,30-50,No,1,Yes
103737,Female,30-50,Yes,10,Yes
103738,Male,<30,Yes,10,No
103739,Female,<30,No,7,No
103740,Male,30-50,No,4,No
103741,Female,30-50,Yes,10,No
103742,Female,>50,No,3,No
103743,Male,30-50,Yes,5,No
103744,Male,30-50,Yes,11,No
103745,Female,30-50,Yes,5,Yes
103746,Female,>50,Yes,5,No
103747,Female,>50,Yes,15,Yes
103748,Male,>50,Yes,14,Yes
103749,Female,>50,No,3,No
103750,Male,30-50,Yes,8,Yes
103751,Male,>50,Yes,12,No
103752,Female,<30,Yes,13,No
103753,Male,>50,No,6,No
103754,Female,30-50,Yes,6,No
103755,Female,<30,No,6,Yes
103756,Male,30-50,No,4,Yes
103757,Male,30-50,Yes,15,Yes
103758,Male,30-50,Yes,12,Yes
103759,Female,30-50,Yes,8,Yes
103760,Female,>50,No,5,Yes
103761,Female,>50,Yes,10,Yes
103762,Male,<30,No,4,Yes
103763,Female,>50,Yes,13,No
103764,Female,30-50,No,2,Yes
103765,Male,30-50,No,1,No
103766,Female,>50,Yes,13,Yes
103767,Female,30-50,Yes,12,No
103768,Male,30-50,Yes,6,No
103769,Male,30-50,Yes,9,Yes
103770,Female,30-50,Yes,11,No
103771,Male,30-50,No,1,Yes
103772,Female,>50,Yes,12,Yes
103773,Female,30-50,No,6,Yes
103774,Male,>50,Yes,11,No
103775,Female,<30,No,1,No
103776,Female,<30,No,6,Yes
103777,Male,30-50,Yes,15,Yes
103778,Female,30-50,Yes,7,No
103779,Male,>50,Yes,14,No
103780,Female,>50,No,5,No
103781,Male,30-50,Yes,14,No
103782,Female,>50,Yes,8,No
103783,Female,>50,Yes,5,Yes
103784,Male,<30,No,2,No
103785,Female,>50,Yes,11,No
103786,Female,30-50,Yes,15,Yes
103787,Female,<30,Yes,9,No
103788,Male,<30,Yes,9,Yes
103789,Female,>50,Yes,8,Yes
103790,Female,30-50,No,3,Yes
103791,Female,>50,No,4,No
103792,Male,<30,Yes,7,No
103793,Female,30-50,No,2,No
103794,Male,30-50,No,4,No
103795,Male,30-50,No,5,No
103796,Female,30-50,Yes,13,Yes
103797,Male,30-50,Yes,5,No
103798,Female,<30,Yes,13,No
103799,Male,<30,Yes,15,No
103800,Female,<30,No,6,No
103801,Female,30-50,Yes,11,No
103802,Female,30-50,Yes,10,Yes
103803,Male,30-50,Yes,13,No
103804,Female,<30,No,3,No
103805,Female,30-50,No,4,Yes
103806,Male,<30,Yes,15,No
103807,Female,>50,No,7,No
103808,Male,<30,Yes,15,No
103809,Male,>50,Yes,9,No
103810,Female,<30,Yes,9,Yes
103811,Female,30-50,Yes,14,Yes
103812,Female,30-50,Yes,14,No
103813,Female,30-50,Yes,11,No
103814,Male,30-50,No,6,No
103815,Male,<30,Yes,14,Yes
103816,Female,30-50,Yes,8,No
103817,Male,>50,Yes,11,Yes
103818,Female,30-50,Yes,11,No
103819,Female,>50,No,6,No
103820,Female,30-50,No,2,No
103821,Female,30-50,Yes,9,Yes
103822,Female,30-50,Yes,6,Yes
103823,Male,<30,Yes,13,No
103824,Female,<30,Yes,14,No
103825,Male,<30,Yes,5,No
103826,Female,30-50,Yes,11,No
103827,Female,30-50,No,6,No
103828,Female,30-50,Yes,8,No
103829,Female,30-50,Yes,11,No
103830,Male,30-50,No,5,No
103831,Female,30-50,Yes,11,No
103832,Female,30-50,Yes,9,Yes
103833,Male,30-50,No,5,Yes
103834,Female,>50,No,6,Yes
103835,Female,30-50,No,3,No
103836,Male,30-50,Yes,6,No
103837,Female,>50,Yes,15,No
103838,Female,30-50,Yes,11,Yes
103839,Female,30-50,Yes,8,No
103840,Male,>50,Yes,9,Yes
103841,Female,>50,Yes,14,Yes
103842,Female,>50,Yes,7,No
103843,Male,30-50,No,2,No
103844,Female,<30,Yes,9,No
103845,Male,<30,Yes,5,No
103846,Female,>50,Yes,14,Yes
103847,Female,<30,Yes,10,Yes
103848,Female,>50,Yes,8,Yes
103849,Female,>50,Yes,10,Yes
103850,Female,30-50,Yes,13,Yes
103851,Female,30-50,Yes,14,Yes
103852,Female,<30,No,7,Yes
103853,Female,30-50,No,1,Yes
103854,Female,30-50,Yes,6,No
103855,Female,>50,No,7,No
103856,Female,<30,Yes,8,Yes
103857,Male,>50,Yes,12,No
103858,Female,<30,Yes,11,Yes
103859,Male,<30,No,3,No
103860,Female,30-50,No,4,No
103861,Female,30-50,Yes,7,No
103862,Female,30-50,Yes,14,Yes
103863,Male,<30,No,4,No
103864,Female,>50,No,7,No
103865,Male,30-50,Yes,12,No
103866,Male,<30,No,6,No
103867,Female,30-50,No,5,No
103868,Female,30-50,Yes,11,Yes
103869,Female,>50,Yes,8,No
103870,Male,>50,Yes,7,No
103871,Male,30-50,Yes,7,No
103872,Female,>50,Yes,6,Yes
103873,Female,30-50,No,3,No
103874,Male,>50,No,6,No
103875,Female,30-50,No,1,No
103876,Female,30-50,Yes,5,Yes
103877,Female,30-50,No,4,Yes
103878,Female,>50,No,7,No
103879,Female,30-50,Yes,9,Yes
103880,Female,30-50,No,7,No
103881,Male,<30,Yes,11,Yes
103882,Female,>50,Yes,7,Yes
103883,Female,>50,Yes,5,No
103884,Male,30-50,Yes,8,No
103885,Female,30-50,No,7,No
103886,Male,30-50,Yes,15,No
103887,Male,>50,No,3,No
103888,Female,<30,Yes,5,Yes
103889,Male,30-50,Yes,12,Yes
103890,Male,30-50,Yes,14,Yes
103891,Female,<30,No,7,No
103892,Male,30-50,No,4,No
103893,Female,>50,Yes,7,Yes
103894,Male,<30,No,3,No
103895,Female,30-50,No,7,No
103896,Female,<30,Yes,8,No
103897,Male,<30,No,4,No
103898,Male,30-50,No,1,No
103899,Male,30-50,Yes,15,Yes
103900,Male,<30,Yes,10,Yes
103901,Female,30-50,Yes,12,Yes
103902,Male,<30,Yes,5,No
103903,Female,>50,Yes,11,Yes
103904,Male,30-50,Yes,12,Yes
103905,Male,30-50,Yes,11,No
103906,Female,>50,No,6,No
103907,Male,<30,Yes,11,No
103908,Female,>50,No,7,Yes
103909,Female,30-50,Yes,7,No
103910,Male,>50,Yes,5,No
103911,Female,30-50,Yes,11,Yes
103912,Female,<30,Yes,13,Yes
103913,Male,30-50,No,1,No
103914,Female,30-50,Yes,14,Yes
103915,Female,<30,Yes,6,No
103916,Male,>50,Yes,11,No
103917,Female,30-50,Yes,6,Yes
103918,Female,>50,Yes,10,Yes
103919,Male,>50,Yes,10,No
103920,Male,>50,No,5,No
103921,Female,<30,No,7,No
103922,Male,<30,Yes,10,Yes
103923,Female,>50,No,1,No
103924,Male,30-50,No,1,No
103925,Female,30-50,Yes,11,No
103926,Male,>50,Yes,6,Yes
103927,Female,30-50,Yes,10,Yes
103928,Male,30-50,No,2,Yes
103929,Female,>50,Yes,7,No
103930,Female,<30,Yes,10,No
103931,Female,<30,No,6,No
103932,Male,<30,Yes,14,No
103933,Male,30-50,Yes,10,Yes
103934,Male,>50,Yes,5,Yes
103935,Female,>50,No,1,No
103936,Female,>50,Yes,10,No
103937,Female,>50,Yes,7,No
103938,Female,30-50,No,2,No
103939,Male,>50,Yes,5,No
103940,Male,>50,No,1,No
103941,Male,30-50,Yes,13,No
103942,Male,>50,Yes,10,Yes
103943,Male,30-50,No,2,Yes
103944,Female,30-50,Yes,10,Yes
103945,Female,30-50,Yes,9,Yes
103946,Male,30-50,No,4,No
103947,Male,>50,Yes,6,No
103948,Male,>50,Yes,8,Yes
103949,Female,30-50,Yes,13,No
103950,Female,30-50,Yes,14,Yes
103951,Female,>50,No,7,No
103952,Female,>50,No,5,No
103953,Male,30-50,No,6,No
103954,Male,30-50,No,4,No
103955,Male,30-50,No,1,Yes
103956,Female,>50,No,5,No
103957,Female,30-50,No,2,No
103958,Female,30-50,No,4,No
103959,Female,30-50,No,1,No
103960,Male,30-50,No,4,Yes
103961,Male,30-50,Yes,8,No
103962,Female,>50,Yes,5,No
103963,Male,30-50,No,6,No
103964,Male,>50,Yes,10,No
103965,Female,<30,No,2,No
103966,Male,>50,No,3,No
103967,Male,>50,Yes,7,Yes
103968,Male,30-50,No,3,No
103969,Male,30-50,Yes,6,No
103970,Male,>50,Yes,5,No
103971,Female,30-50,No,2,No
103972,Female,>50,No,3,No
103973,Male,30-50,No,6,No
103974,Female,<30,Yes,8,No
103975,Female,>50,Yes,9,No
103976,Female,30-50,Yes,7,No
103977,Male,<30,Yes,8,No
103978,Male,30-50,Yes,11,Yes
103979,Female,>50,No,4,No
103980,Male,>50,No,2,No
103981,Female,>50,No,1,No
103982,Female,30-50,Yes,13,Yes
103983,Female,<30,Yes,7,No
103984,Female,30-50,Yes,14,No
103985,Female,>50,Yes,11,No
103986,Female,30-50,No,7,No
103987,Female,<30,Yes,8,No
103988,Male,30-50,Yes,11,Yes
103989,Male,>50,No,5,Yes
103990,Female,30-50,Yes,14,Yes
103991,Male,30-50,No,3,No
103992,Female,30-50,Yes,15,Yes
103993,Female,30-50,No,1,Yes
103994,Female,30-50,Yes,6,No
103995,Male,<30,Yes,11,No
103996,Female,>50,Yes,14,No
103997,Female,>50,No,5,No
103998,Female,30-50,No,4,No
103999,Female,<30,Yes,6,No
104000,Female,30-50,No,3,No
104001,Male,30-50,Yes,8,Yes
104002,Female,30-50,Yes,8,Yes
104003,Female,<30,Yes,9,No
104004,Male,<30,No,5,No
104005,Female,30-50,Yes,11,Yes
104006,Male,<30,Yes,13,Yes
104007,Male,30-50,No,1,No
104008,Female,>50,Yes,14,Yes
104009,Male,30-50,No,2,No
104010,Male,>50,No,1,No
104011,Female,30-50,Yes,9,Yes
104012,Male,30-50,Yes,13,No
104013,Male,>50,No,3,No
104014,Male,30-50,Yes,9,No
104015,Female,<30,No,1,No
104016,Female,<30,Yes,13,No
104017,Male,<30,Yes,9,Yes
104018,Female,>50,Yes,11,No
104019,Male,<30,Yes,7,No
104020,Male,30-50,Yes,12,Yes
104021,Female,<30,Yes,14,Yes
104022,Male,30-50,No,1,Yes
104023,Female,30-50,Yes,8,No
104024,Female,30-50,Yes,15,Yes
104025,Male,30-50,Yes,7,Yes
104026,Female,30-50,Yes,15,Yes
104027,Female,>50,Yes,6,No
104028,Female,<30,Yes,11,Yes
104029,Female,30-50,Yes,9,Yes
104030,Female,30-50,No,2,Yes
104031,Female,30-50,Yes,14,Yes
104032,Female,30-50,Yes,10,No
104033,Female,30-50,No,7,No
104034,Male,30-50,Yes,13,No
104035,Male,>50,Yes,8,Yes
104036,Male,30-50,Yes,11,No
104037,Female,30-50,Yes,9,No
104038,Male,30-50,No,6,Yes
104039,Male,<30,Yes,5,Yes
104040,Male,<30,Yes,13,No
104041,Female,<30,No,3,No
104042,Male,>50,Yes,14,Yes
104043,Female,>50,Yes,10,Yes
104044,Female,30-50,No,7,No
104045,Male,30-50,Yes,11,No
104046,Male,30-50,No,1,No
104047,Female,<30,No,6,Yes
104048,Male,30-50,No,7,No
104049,Female,30-50,No,1,No
104050,Female,30-50,Yes,8,Yes
104051,Female,30-50,Yes,12,No
104052,Female,<30,Yes,10,Yes
104053,Female,30-50,Yes,10,Yes
104054,Female,>50,Yes,11,No
104055,Female,<30,Yes,12,No
104056,Female,30-50,No,7,No
104057,Male,>50,No,2,No
104058,Male,>50,Yes,13,No
104059,Female,30-50,Yes,9,No
104060,Male,30-50,No,4,No
104061,Female,30-50,Yes,5,No
104062,Female,<30,Yes,15,No
104063,Female,<30,Yes,6,No
104064,Female,<30,Yes,14,Yes
104065,Male,30-50,No,4,Yes
104066,Female,30-50,Yes,7,Yes
104067,Female,>50,No,1,No
104068,Female,30-50,Yes,13,Yes
104069,Male,<30,Yes,10,No
104070,Female,>50,No,5,No
104071,Male,30-50,Yes,5,Yes
104072,Male,>50,No,1,No
104073,Male,30-50,Yes,15,Yes
104074,Male,>50,No,2,No
104075,Male,30-50,Yes,12,Yes
104076,Female,>50,Yes,5,No
104077,Female,30-50,Yes,10,No
104078,Male,>50,No,5,No
104079,Female,30-50,Yes,9,Yes
104080,Male,<30,Yes,12,Yes
104081,Male,>50,Yes,5,No
104082,Female,>50,No,4,No
104083,Female,30-50,Yes,8,Yes
104084,Male,30-50,Yes,11,No
104085,Female,<30,Yes,9,No
104086,Male,30-50,No,1,No
104087,Male,30-50,Yes,11,Yes
104088,Male,30-50,No,7,No
104089,Female,<30,Yes,15,Yes
104090,Female,<30,Yes,9,Yes
104091,Female,<30,Yes,5,Yes
104092,Female,30-50,Yes,14,Yes
104093,Female,>50,No,6,No
104094,Male,30-50,Yes,12,No
104095,Male,30-50,Yes,7,Yes
104096,Male,>50,Yes,14,Yes
104097,Male,30-50,Yes,13,No
104098,Female,30-50,Yes,5,No
104099,Male,30-50,No,4,No
104100,Female,>50,Yes,7,Yes
104101,Female,>50,Yes,10,Yes
104102,Female,30-50,Yes,5,Yes
104103,Male,30-50,No,1,No
104104,Female,30-50,Yes,15,No
104105,Female,<30,No,1,No
104106,Male,<30,Yes,6,Yes
104107,Male,30-50,No,1,No
104108,Female,<30,Yes,13,No
104109,Female,>50,Yes,12,Yes
104110,Male,<30,Yes,11,No
104111,Female,<30,Yes,10,Yes
104112,Female,<30,Yes,14,Yes
104113,Male,30-50,No,5,No
104114,Female,<30,Yes,9,No
104115,Male,>50,No,3,No
104116,Female,>50,No,3,No
104117,Male,>50,No,7,No
104118,Female,30-50,Yes,5,Yes
104119,Male,<30,Yes,14,No
104120,Female,>50,Yes,11,No
104121,Female,<30,No,7,No
104122,Female,<30,Yes,5,Yes
104123,Female,30-50,No,7,No
104124,Male,<30,Yes,12,No
104125,Female,<30,No,5,No
104126,Female,<30,Yes,14,Yes
104127,Female,30-50,Yes,9,No
104128,Female,<30,No,4,Yes
104129,Female,>50,Yes,13,Yes
104130,Male,>50,Yes,9,Yes
104131,Male,<30,No,7,No
104132,Male,30-50,Yes,5,Yes
104133,Female,<30,No,6,No
104134,Female,30-50,No,4,No
104135,Female,<30,No,7,No
104136,Female,30-50,Yes,11,No
104137,Female,<30,Yes,12,Yes
104138,Female,<30,Yes,9,No
104139,Female,>50,No,7,No
104140,Female,>50,Yes,8,Yes
104141,Female,<30,Yes,13,No
104142,Female,<30,Yes,12,No
104143,Female,30-50,Yes,13,Yes
104144,Female,30-50,Yes,13,No
104145,Female,>50,Yes,9,No
104146,Female,>50,Yes,6,Yes
104147,Female,<30,Yes,13,Yes
104148,Female,30-50,No,5,No
104149,Male,30-50,Yes,15,No
104150,Female,30-50,Yes,7,No
104151,Female,<30,Yes,13,Yes
104152,Male,<30,Yes,14,Yes
104153,Male,30-50,Yes,12,No
104154,Male,30-50,Yes,6,No
104155,Male,<30,Yes,9,Yes
104156,Female,>50,No,2,No
104157,Male,<30,Yes,9,Yes
104158,Male,30-50,Yes,5,No
104159,Female,<30,Yes,14,Yes
104160,Female,<30,Yes,13,Yes
104161,Female,>50,Yes,15,Yes
104162,Female,30-50,Yes,14,No
104163,Female,30-50,No,6,No
104164,Male,30-50,Yes,10,No
104165,Female,30-50,No,3,No
104166,Female,30-50,No,1,No
104167,Female,30-50,Yes,5,Yes
104168,Female,30-50,Yes,5,No
104169,Female,>50,Yes,9,No
104170,Female,30-50,No,6,Yes
104171,Male,30-50,Yes,11,Yes
104172,Female,<30,Yes,7,No
104173,Female,<30,Yes,10,Yes
104174,Male,30-50,Yes,11,Yes
104175,Female,30-50,No,2,No
104176,Male,30-50,Yes,6,Yes
104177,Female,>50,Yes,12,Yes
104178,Male,>50,Yes,9,No
104179,Female,30-50,No,4,No
104180,Female,30-50,Yes,13,Yes
104181,Male,<30,No,1,No
104182,Male,30-50,No,1,No
104183,Female,<30,No,3,No
104184,Female,30-50,Yes,5,Yes
104185,Male,30-50,Yes,15,Yes
104186,Male,>50,Yes,9,Yes
104187,Female,>50,No,4,No
104188,Female,30-50,Yes,14,Yes
104189,Female,30-50,Yes,11,No
104190,Female,<30,No,1,No
104191,Female,>50,Yes,12,No
104192,Female,30-50,Yes,7,Yes
104193,Male,>50,Yes,12,Yes
104194,Female,30-50,Yes,8,No
104195,Female,>50,No,3,No
104196,Female,>50,Yes,12,Yes
104197,Male,>50,Yes,11,No
104198,Male,30-50,No,4,No
104199,Female,>50,Yes,13,Yes
104200,Male,30-50,No,5,Yes
104201,Male,>50,Yes,11,No
104202,Male,30-50,No,1,No
104203,Female,30-50,No,3,No
104204,Female,>50,No,1,No
104205,Female,<30,Yes,14,Yes
104206,Male,>50,Yes,5,Yes
104207,Female,<30,Yes,14,Yes
104208,Male,<30,Yes,7,No
104209,Female,<30,Yes,12,Yes
104210,Male,30-50,Yes,15,Yes
104211,Female,30-50,Yes,14,No
104212,Male,30-50,Yes,14,Yes
104213,Male,>50,Yes,9,No
104214,Female,<30,Yes,7,No
104215,Female,<30,Yes,11,No
104216,Female,30-50,No,6,Yes
104217,Male,30-50,No,5,Yes
104218,Male,>50,Yes,12,No
104219,Male,30-50,Yes,8,No
104220,Male,>50,Yes,14,No
104221,Male,30-50,Yes,15,Yes
104222,Female,30-50,Yes,7,No
104223,Female,30-50,No,6,Yes
104224,Female,<30,Yes,9,Yes
104225,Female,30-50,No,1,No
104226,Female,>50,Yes,11,No
104227,Female,30-50,No,4,No
104228,Female,30-50,Yes,8,No
104229,Female,>50,Yes,7,Yes
104230,Female,30-50,Yes,11,Yes
104231,Female,30-50,Yes,6,No
104232,Female,>50,Yes,5,Yes
104233,Female,30-50,Yes,10,Yes
104234,Male,>50,Yes,5,No
104235,Female,>50,Yes,13,Yes
104236,Female,>50,No,4,No
104237,Male,<30,No,5,No
104238,Male,30-50,No,2,No
104239,Female,30-50,No,4,No
104240,Female,30-50,Yes,5,No
104241,Female,>50,Yes,5,No
104242,Female,<30,Yes,14,No
104243,Male,30-50,Yes,5,No
104244,Female,30-50,No,4,No
104245,Female,30-50,No,7,Yes
104246,Female,30-50,Yes,6,Yes
104247,Male,30-50,Yes,10,No
104248,Male,>50,Yes,5,Yes
104249,Male,30-50,No,4,No
104250,Female,30-50,Yes,8,No
104251,Female,30-50,No,3,No
104252,Female,<30,Yes,12,No
104253,Male,30-50,Yes,12,Yes
104254,Male,30-50,Yes,11,Yes
104255,Male,30-50,No,3,Yes
104256,Male,>50,No,4,No
104257,Female,<30,Yes,9,Yes
104258,Female,30-50,No,3,No
104259,Male,30-50,No,4,No
104260,Female,>50,No,1,No
104261,Male,30-50,Yes,5,Yes
104262,Female,>50,Yes,5,Yes
104263,Female,30-50,No,2,Yes
104264,Male,<30,Yes,8,No
104265,Female,30-50,Yes,5,Yes
104266,Female,30-50,Yes,12,Yes
104267,Female,>50,Yes,7,No
104268,Female,>50,Yes,13,Yes
104269,Male,<30,Yes,6,No
104270,Male,30-50,Yes,9,Yes
104271,Female,>50,Yes,15,No
104272,Female,>50,Yes,14,No
104273,Male,30-50,Yes,15,No
104274,Female,<30,Yes,12,No
104275,Male,30-50,Yes,6,No
104276,Female,<30,Yes,10,Yes
104277,Female,30-50,Yes,7,Yes
104278,Female,<30,Yes,12,No
104279,Female,30-50,Yes,10,Yes
104280,Male,30-50,Yes,5,No
104281,Female,30-50,Yes,15,Yes
104282,Female,30-50,No,7,No
104283,Male,30-50,No,1,No
104284,Male,<30,Yes,5,No
104285,Female,<30,Yes,7,No
104286,Male,30-50,Yes,13,No
104287,Female,>50,No,1,No
104288,Female,>50,No,4,No
104289,Female,>50,Yes,15,No
104290,Male,<30,Yes,8,No
104291,Male,30-50,Yes,9,No
104292,Female,>50,Yes,5,No
104293,Female,30-50,No,3,No
104294,Male,30-50,Yes,7,No
104295,Female,>50,Yes,7,No
104296,Female,>50,Yes,9,Yes
104297,Female,<30,Yes,5,No
104298,Female,30-50,No,1,No
104299,Female,30-50,Yes,6,Yes
104300,Male,>50,Yes,8,No
104301,Female,30-50,Yes,14,No
104302,Female,30-50,Yes,6,Yes
104303,Male,30-50,No,5,No
104304,Male,>50,Yes,9,No
104305,Male,>50,Yes,12,No
104306,Male,30-50,Yes,14,Yes
104307,Male,>50,Yes,12,No
104308,Female,30-50,No,7,No
104309,Female,30-50,No,5,Yes
104310,Male,30-50,No,1,No
104311,Female,>50,Yes,15,No
104312,Female,30-50,No,5,No
104313,Female,<30,No,3,No
104314,Female,>50,No,7,Yes
104315,Female,30-50,No,3,No
104316,Female,30-50,Yes,7,No
104317,Male,30-50,Yes,15,No
104318,Male,30-50,Yes,6,Yes
104319,Female,30-50,Yes,7,No
104320,Female,30-50,Yes,15,No
104321,Female,<30,No,4,No
104322,Male,30-50,Yes,7,No
104323,Female,30-50,Yes,14,No
104324,Female,30-50,Yes,9,Yes
104325,Female,<30,Yes,5,No
104326,Male,>50,Yes,12,No
104327,Male,<30,No,3,No
104328,Female,<30,Yes,12,Yes
104329,Female,>50,Yes,7,No
104330,Male,<30,No,7,No
104331,Male,<30,No,2,No
104332,Male,>50,No,2,No
104333,Female,30-50,Yes,9,Yes
104334,Female,30-50,Yes,10,Yes
104335,Male,>50,Yes,10,Yes
104336,Female,<30,Yes,12,Yes
104337,Male,<30,Yes,8,No
104338,Female,>50,No,3,No
104339,Female,<30,Yes,6,Yes
104340,Male,>50,Yes,9,No
104341,Female,<30,Yes,6,No
104342,Male,30-50,No,5,No
104343,Male,30-50,Yes,5,No
104344,Male,<30,No,3,No
104345,Female,<30,Yes,9,Yes
104346,Female,<30,Yes,11,Yes
104347,Male,30-50,No,3,No
104348,Male,<30,Yes,10,No
104349,Female,30-50,No,4,No
104350,Male,30-50,Yes,15,Yes
104351,Female,30-50,No,1,No
104352,Female,>50,Yes,14,Yes
104353,Male,>50,Yes,7,Yes
104354,Female,30-50,Yes,7,No
104355,Female,30-50,Yes,11,No
104356,Male,>50,Yes,6,Yes
104357,Female,30-50,No,7,No
104358,Male,<30,Yes,15,No
104359,Female,30-50,No,1,No
104360,Male,30-50,Yes,13,No
104361,Male,<30,Yes,15,Yes
104362,Male,>50,Yes,7,Yes
104363,Female,30-50,Yes,13,No
104364,Female,<30,No,3,No
104365,Female,<30,No,5,Yes
104366,Male,30-50,No,4,No
104367,Male,>50,No,6,No
104368,Female,30-50,Yes,9,Yes
104369,Male,<30,Yes,13,Yes
104370,Male,>50,No,4,No
104371,Female,30-50,Yes,13,No
104372,Male,30-50,Yes,12,Yes
104373,Male,30-50,Yes,13,Yes
104374,Female,30-50,Yes,8,Yes
104375,Male,30-50,No,4,Yes
104376,Female,30-50,No,3,No
104377,Male,<30,No,6,Yes
104378,Male,<30,No,1,No
104379,Male,<30,No,7,No
104380,Female,30-50,Yes,13,No
104381,Female,<30,Yes,15,No
104382,Male,>50,Yes,7,No
104383,Female,>50,Yes,6,No
104384,Female,>50,No,7,Yes
104385,Female,>50,Yes,14,Yes
104386,Male,30-50,No,4,No
104387,Female,30-50,Yes,8,Yes
104388,Female,30-50,Yes,10,Yes
104389,Male,30-50,No,2,No
104390,Female,30-50,No,3,Yes
104391,Male,30-50,No,6,No
104392,Male,>50,Yes,5,Yes
104393,Female,30-50,No,2,Yes
104394,Male,>50,Yes,12,No
104395,Female,30-50,Yes,13,No
104396,Female,30-50,Yes,9,Yes
104397,Female,>50,Yes,6,No
104398,Male,<30,Yes,6,No
104399,Female,>50,No,2,No
104400,Female,30-50,Yes,15,Yes
104401,Female,30-50,No,3,Yes
104402,Female,>50,No,2,No
104403,Female,<30,No,4,No
104404,Female,30-50,No,5,Yes
104405,Female,30-50,Yes,10,Yes
104406,Female,30-50,No,6,Yes
104407,Male,30-50,No,3,No
104408,Male,30-50,Yes,10,Yes
104409,Female,>50,No,6,No
104410,Male,>50,Yes,6,No
104411,Male,>50,Yes,9,No
104412,Female,>50,No,3,Yes
104413,Female,<30,Yes,8,No
104414,Male,30-50,Yes,13,No
104415,Female,>50,No,5,No
104416,Female,30-50,Yes,6,No
104417,Male,30-50,Yes,13,Yes
104418,Female,<30,No,6,Yes
104419,Female,30-50,No,4,Yes
104420,Male,>50,No,2,No
104421,Male,30-50,No,5,Yes
104422,Female,>50,Yes,5,Yes
104423,Male,<30,Yes,8,No
104424,Female,>50,Yes,14,Yes
104425,Male,>50,Yes,14,Yes
104426,Female,30-50,Yes,12,Yes
104427,Male,30-50,No,1,No
104428,Female,30-50,Yes,5,No
104429,Female,30-50,Yes,5,No
104430,Male,<30,No,7,No
104431,Male,30-50,Yes,13,Yes
104432,Male,>50,Yes,12,No
104433,Female,30-50,No,2,No
104434,Female,30-50,Yes,6,No
104435,Female,>50,Yes,13,No
104436,Male,<30,Yes,11,No
104437,Male,30-50,Yes,7,Yes
104438,Female,<30,No,3,No
104439,Female,30-50,Yes,7,Yes
104440,Female,30-50,Yes,7,Yes
104441,Female,30-50,No,4,No
104442,Male,>50,Yes,11,No
104443,Female,30-50,No,1,No
104444,Female,30-50,Yes,5,Yes
104445,Female,30-50,Yes,10,No
104446,Female,>50,Yes,15,Yes
104447,Male,30-50,Yes,9,Yes
104448,Female,30-50,Yes,10,Yes
104449,Female,30-50,Yes,11,No
104450,Male,<30,No,2,No
104451,Male,30-50,Yes,15,Yes
104452,Male,>50,Yes,7,No
104453,Female,30-50,Yes,13,No
104454,Female,30-50,No,1,Yes
104455,Female,30-50,No,1,No
104456,Male,30-50,Yes,13,Yes
104457,Female,>50,Yes,13,No
104458,Female,30-50,Yes,8,Yes
104459,Male,>50,Yes,15,No
104460,Male,<30,Yes,7,No
104461,Male,>50,No,3,No
104462,Female,<30,Yes,11,No
104463,Male,30-50,No,2,No
104464,Male,<30,Yes,7,Yes
104465,Female,30-50,No,6,Yes
104466,Female,>50,Yes,8,Yes
104467,Female,<30,No,7,No
104468,Male,30-50,Yes,7,Yes
104469,Female,>50,Yes,8,Yes
104470,Female,<30,No,3,No
104471,Male,>50,Yes,11,Yes
104472,Female,<30,Yes,15,No
104473,Male,>50,Yes,6,No
104474,Male,<30,Yes,15,Yes
104475,Female,30-50,Yes,15,No
104476,Female,30-50,No,6,No
104477,Male,30-50,No,4,No
104478,Male,<30,Yes,10,Yes
104479,Male,30-50,No,4,Yes
104480,Male,>50,No,7,No
104481,Male,30-50,No,2,No
104482,Male,<30,Yes,12,No
104483,Female,<30,Yes,15,No
104484,Female,30-50,Yes,14,No
104485,Male,>50,Yes,14,No
104486,Female,30-50,No,7,No
104487,Female,<30,No,3,No
104488,Female,>50,Yes,6,No
104489,Female,<30,Yes,15,Yes
104490,Female,30-50,No,7,No
104491,Female,30-50,Yes,11,Yes
104492,Female,30-50,Yes,13,Yes
104493,Male,<30,No,4,No
104494,Female,30-50,No,7,Yes
104495,Female,<30,No,5,No
104496,Male,<30,No,2,No
104497,Female,>50,Yes,11,No
104498,Male,30-50,Yes,5,No
104499,Male,30-50,Yes,11,No
104500,Male,>50,No,7,No
104501,Female,<30,Yes,9,No
104502,Male,30-50,Yes,7,No
104503,Male,<30,Yes,7,Yes
104504,Female,>50,No,7,No
104505,Male,30-50,Yes,6,No
104506,Female,30-50,Yes,6,Yes
104507,Male,<30,Yes,6,No
104508,Female,<30,Yes,11,No
104509,Female,30-50,Yes,7,Yes
104510,Female,30-50,Yes,6,Yes
104511,Female,30-50,No,6,No
104512,Male,30-50,Yes,11,No
104513,Female,30-50,No,2,No
104514,Male,>50,Yes,9,No
104515,Male,>50,No,2,No
104516,Female,>50,No,1,No
104517,Male,30-50,Yes,6,No
104518,Male,>50,Yes,14,No
104519,Female,>50,Yes,14,Yes
104520,Female,30-50,Yes,12,No
104521,Male,>50,Yes,11,No
104522,Male,>50,Yes,13,No
104523,Male,30-50,No,4,No
104524,Female,30-50,No,4,No
104525,Male,>50,Yes,15,Yes
104526,Male,30-50,No,4,No
104527,Male,30-50,No,2,Yes
104528,Female,30-50,No,3,No
104529,Female,>50,No,2,Yes
104530,Female,>50,No,5,No
104531,Female,30-50,Yes,9,Yes
104532,Male,<30,Yes,11,Yes
104533,Female,>50,Yes,10,Yes
104534,Male,>50,Yes,11,Yes
104535,Female,>50,No,3,No
104536,Female,<30,Yes,15,No
104537,Female,>50,No,5,No
104538,Female,>50,No,3,No
104539,Female,30-50,Yes,5,Yes
104540,Female,30-50,Yes,12,No
104541,Female,>50,No,1,Yes
104542,Female,>50,No,6,No
104543,Male,30-50,No,5,Yes
104544,Male,>50,Yes,7,No
104545,Female,>50,No,6,No
104546,Female,>50,Yes,9,Yes
104547,Female,30-50,Yes,13,Yes
104548,Female,30-50,No,1,Yes
104549,Male,<30,Yes,10,No
104550,Female,<30,Yes,10,No
104551,Female,30-50,Yes,10,Yes
104552,Female,30-50,Yes,15,No
104553,Female,30-50,Yes,6,Yes
104554,Female,>50,Yes,7,No
104555,Male,30-50,No,4,No
104556,Female,30-50,Yes,9,Yes
104557,Male,30-50,Yes,12,Yes
104558,Female,30-50,No,3,No
104559,Male,<30,No,5,No
104560,Female,>50,Yes,13,Yes
104561,Male,<30,Yes,5,Yes
104562,Female,30-50,Yes,14,Yes
104563,Female,30-50,Yes,11,Yes
104564,Female,<30,No,5,No
104565,Male,>50,Yes,15,Yes
104566,Male,30-50,Yes,13,No
104567,Male,>50,Yes,15,No
104568,Female,<30,Yes,8,No
104569,Female,<30,No,4,No
104570,Female,30-50,No,3,No
104571,Male,30-50,Yes,5,No
104572,Female,<30,Yes,9,Yes
104573,Female,>50,No,2,No
104574,Female,30-50,Yes,7,Yes
104575,Male,30-50,Yes,10,No
104576,Female,30-50,No,1,No
104577,Female,>50,No,4,No
104578,Male,30-50,Yes,6,No
104579,Female,30-50,Yes,8,Yes
104580,Female,30-50,No,1,No
104581,Female,<30,No,1,No
104582,Male,<30,Yes,10,No
104583,Male,<30,Yes,6,Yes
104584,Female,30-50,Yes,11,No
104585,Female,>50,No,7,No
104586,Male,<30,No,1,No
104587,Male,<30,Yes,10,Yes
104588,Female,30-50,Yes,13,Yes
104589,Female,30-50,No,2,Yes
104590,Male,>50,No,2,No
104591,Female,30-50,Yes,8,No
104592,Male,30-50,Yes,14,No
104593,Male,30-50,Yes,12,Yes
104594,Male,<30,Yes,8,Yes
104595,Female,>50,Yes,15,No
104596,Male,30-50,No,1,No
104597,Female,>50,Yes,14,Yes
104598,Male,>50,Yes,6,No
104599,Female,30-50,Yes,15,No
104600,Male,30-50,Yes,7,Yes
104601,Male,30-50,Yes,11,No
104602,Female,>50,No,1,No
104603,Female,30-50,No,6,Yes
104604,Male,<30,Yes,7,Yes
104605,Male,30-50,No,6,No
104606,Male,<30,No,1,No
104607,Female,>50,Yes,15,No
104608,Male,<30,Yes,12,Yes
104609,Female,30-50,No,7,No
104610,Female,30-50,Yes,13,Yes
104611,Female,30-50,Yes,11,No
104612,Female,30-50,No,4,No
104613,Male,>50,No,6,No
104614,Female,30-50,Yes,9,Yes
104615,Male,<30,Yes,10,No
104616,Female,<30,No,5,No
104617,Male,30-50,Yes,11,No
104618,Male,30-50,Yes,8,No
104619,Male,30-50,No,1,No
104620,Female,<30,No,5,No
104621,Male,>50,Yes,10,Yes
104622,Male,30-50,No,5,No
104623,Male,>50,Yes,8,No
104624,Female,<30,Yes,7,Yes
104625,Female,>50,Yes,15,Yes
104626,Male,<30,Yes,6,No
104627,Male,30-50,No,2,No
104628,Female,30-50,Yes,9,Yes
104629,Female,<30,Yes,13,No
104630,Male,<30,No,7,No
104631,Female,30-50,Yes,10,No
104632,Male,>50,No,6,No
104633,Female,>50,No,1,No
104634,Female,>50,Yes,15,Yes
104635,Female,30-50,Yes,15,Yes
104636,Female,>50,No,1,No
104637,Male,>50,Yes,11,No
104638,Male,30-50,Yes,14,No
104639,Female,>50,Yes,14,Yes
104640,Male,30-50,Yes,9,Yes
104641,Female,30-50,Yes,12,No
104642,Male,30-50,Yes,7,No
104643,Male,30-50,No,6,Yes
104644,Male,>50,Yes,8,Yes
104645,Female,>50,No,4,No
104646,Female,<30,Yes,11,Yes
104647,Female,>50,Yes,12,No
104648,Female,>50,Yes,5,Yes
104649,Male,<30,No,3,No
104650,Female,30-50,Yes,13,No
104651,Female,<30,Yes,9,No
104652,Female,>50,No,4,Yes
104653,Female,<30,Yes,15,No
104654,Female,>50,No,6,No
104655,Female,30-50,Yes,8,No
104656,Female,30-50,Yes,11,No
104657,Female,30-50,Yes,15,No
104658,Male,30-50,Yes,11,Yes
104659,Female,>50,Yes,15,Yes
104660,Male,30-50,Yes,8,No
104661,Male,<30,Yes,8,No
104662,Female,30-50,No,5,No
104663,Female,>50,Yes,6,No
104664,Male,>50,Yes,6,Yes
104665,Female,>50,Yes,12,Yes
104666,Female,<30,No,2,Yes
104667,Female,30-50,Yes,8,Yes
104668,Female,>50,Yes,15,No
104669,Male,>50,Yes,8,Yes
104670,Female,30-50,Yes,5,No
104671,Female,>50,No,4,No
104672,Female,<30,Yes,5,Yes
104673,Female,<30,Yes,5,No
104674,Male,30-50,Yes,7,Yes
104675,Female,>50,Yes,9,No
104676,Female,30-50,Yes,13,No
104677,Female,30-50,Yes,10,Yes
104678,Male,<30,Yes,8,No
104679,Female,<30,Yes,10,Yes
104680,Female,>50,Yes,7,Yes
104681,Male,>50,No,6,Yes
104682,Female,30-50,Yes,12,Yes
104683,Female,<30,No,7,Yes
104684,Female,30-50,Yes,11,Yes
104685,Male,<30,Yes,8,No
104686,Male,30-50,No,1,Yes
104687,Female,<30,No,3,Yes
104688,Female,>50,Yes,7,No
104689,Female,<30,No,2,No
104690,Male,<30,No,3,No
104691,Male,<30,Yes,15,Yes
104692,Male,30-50,Yes,11,No
104693,Female,>50,Yes,14,No
104694,Female,30-50,No,3,Yes
104695,Female,30-50,Yes,6,No
104696,Female,30-50,Yes,6,Yes
104697,Female,<30,No,1,No
104698,Male,30-50,Yes,12,Yes
104699,Male,30-50,Yes,7,No
104700,Male,30-50,Yes,6,No
104701,Female,<30,Yes,12,No
104702,Female,>50,No,6,No
104703,Female,<30,No,6,No
104704,Female,<30,Yes,6,Yes
104705,Female,30-50,Yes,8,Yes
104706,Female,<30,Yes,6,Yes
104707,Male,<30,Yes,15,No
104708,Male,30-50,Yes,7,Yes
104709,Female,30-50,Yes,11,No
104710,Female,>50,No,6,No
104711,Female,>50,Yes,9,No
104712,Female,30-50,No,2,No
104713,Female,30-50,Yes,15,Yes
104714,Female,<30,No,5,No
104715,Female,30-50,Yes,9,Yes
104716,Female,>50,Yes,9,Yes
104717,Female,>50,Yes,5,No
104718,Female,>50,Yes,15,No
104719,Male,30-50,Yes,14,Yes
104720,Male,<30,Yes,13,Yes
104721,Female,<30,Yes,9,Yes
104722,Female,30-50,Yes,9,Yes
104723,Female,<30,Yes,6,No
104724,Female,>50,Yes,9,Yes
104725,Male,30-50,Yes,10,Yes
104726,Female,<30,Yes,11,Yes
104727,Female,30-50,No,6,Yes
104728,Male,>50,Yes,15,No
104729,Female,>50,Yes,10,Yes
104730,Male,>50,Yes,13,No
104731,Female,30-50,No,3,No
104732,Male,<30,No,1,No
104733,Female,>50,Yes,14,No
104734,Female,<30,Yes,10,No
104735,Female,30-50,Yes,14,No
104736,Male,30-50,Yes,11,Yes
104737,Female,<30,Yes,11,Yes
104738,Female,<30,Yes,9,No
104739,Female,>50,Yes,7,No
104740,Male,>50,No,2,No
104741,Female,<30,Yes,8,Yes
104742,Female,>50,Yes,7,No
104743,Female,30-50,Yes,8,Yes
104744,Male,30-50,Yes,8,Yes
104745,Male,>50,Yes,7,No
104746,Female,>50,No,3,No
104747,Female,>50,Yes,10,No
104748,Male,>50,Yes,9,Yes
104749,Female,>50,Yes,7,No
104750,Female,<30,Yes,15,Yes
104751,Male,>50,Yes,11,No
104752,Female,30-50,Yes,7,No
104753,Female,>50,Yes,11,No
104754,Male,>50,Yes,10,No
104755,Male,30-50,No,6,Yes
104756,Male,<30,Yes,7,No
104757,Male,30-50,Yes,7,No
104758,Female,30-50,Yes,8,Yes
104759,Female,<30,No,7,No
104760,Female,30-50,Yes,8,Yes
104761,Male,>50,Yes,7,No
104762,Female,<30,Yes,8,No
104763,Female,>50,No,2,Yes
104764,Female,<30,No,2,Yes
104765,Female,30-50,Yes,11,Yes
104766,Male,<30,Yes,6,No
104767,Female,30-50,Yes,11,Yes
104768,Male,30-50,No,6,Yes
104769,Female,30-50,Yes,14,No
104770,Female,30-50,No,2,No
104771,Male,30-50,Yes,12,Yes
104772,Female,>50,No,5,Yes
104773,Female,30-50,No,2,Yes
104774,Female,30-50,Yes,10,Yes
104775,Male,<30,Yes,5,No
104776,Male,30-50,No,6,No
104777,Male,30-50,Yes,6,No
104778,Male,<30,Yes,7,No
104779,Male,30-50,Yes,10,Yes
104780,Female,30-50,No,7,No
104781,Female,30-50,Yes,13,Yes
104782,Male,>50,Yes,5,No
104783,Male,30-50,No,1,No
104784,Male,30-50,Yes,7,Yes
104785,Female,30-50,Yes,10,Yes
104786,Female,<30,No,5,No
104787,Female,>50,Yes,9,Yes
104788,Male,30-50,No,7,No
104789,Male,<30,Yes,14,No
104790,Female,>50,Yes,14,Yes
104791,Female,30-50,Yes,5,No
104792,Female,30-50,No,1,No
104793,Female,30-50,No,6,No
104794,Male,<30,Yes,10,No
104795,Male,30-50,Yes,14,Yes
104796,Male,30-50,No,3,Yes
104797,Female,30-50,Yes,7,No
104798,Female,30-50,Yes,10,Yes
104799,Female,30-50,Yes,15,No
104800,Male,30-50,No,6,Yes
104801,Male,>50,Yes,12,Yes
104802,Female,30-50,Yes,15,Yes
104803,Male,<30,Yes,13,Yes
104804,Female,30-50,Yes,7,No
104805,Male,30-50,Yes,11,No
104806,Male,30-50,Yes,10,Yes
104807,Male,30-50,Yes,13,No
104808,Female,>50,Yes,8,Yes
104809,Male,<30,Yes,11,Yes
104810,Female,30-50,Yes,9,Yes
104811,Female,30-50,Yes,9,No
104812,Female,<30,Yes,15,Yes
104813,Female,<30,Yes,13,Yes
104814,Female,30-50,No,2,Yes
104815,Female,<30,Yes,6,No
104816,Male,>50,Yes,7,Yes
104817,Male,<30,Yes,14,No
104818,Male,<30,Yes,14,No
104819,Female,<30,Yes,8,Yes
104820,Male,<30,Yes,6,Yes
104821,Male,<30,Yes,12,No
104822,Female,<30,Yes,9,No
104823,Female,30-50,No,4,No
104824,Male,30-50,No,6,No
104825,Female,>50,No,1,No
104826,Female,30-50,Yes,5,Yes
104827,Male,30-50,Yes,5,No
104828,Female,<30,Yes,15,Yes
104829,Female,>50,Yes,5,No
104830,Male,30-50,Yes,5,Yes
104831,Male,30-50,Yes,12,Yes
104832,Male,<30,Yes,9,Yes
104833,Male,>50,No,6,Yes
104834,Male,30-50,No,2,No
104835,Female,30-50,Yes,10,Yes
104836,Male,<30,Yes,5,No
104837,Male,>50,Yes,12,Yes
104838,Female,30-50,Yes,7,No
104839,Male,<30,Yes,11,No
104840,Female,<30,Yes,6,No
104841,Female,<30,Yes,9,Yes
104842,Female,<30,No,7,No
104843,Female,>50,Yes,12,Yes
104844,Female,>50,Yes,10,No
104845,Male,30-50,No,5,Yes
104846,Female,30-50,No,1,No
104847,Female,<30,Yes,11,Yes
104848,Male,>50,Yes,5,No
104849,Male,>50,Yes,8,No
104850,Male,>50,Yes,5,No
104851,Male,30-50,No,3,Yes
104852,Male,30-50,No,7,Yes
104853,Male,30-50,Yes,5,No
104854,Male,30-50,No,6,Yes
104855,Male,30-50,Yes,11,Yes
104856,Male,30-50,Yes,11,Yes
104857,Female,<30,Yes,5,No
104858,Female,30-50,Yes,15,Yes
104859,Female,>50,No,3,No
104860,Female,<30,Yes,5,No
104861,Female,30-50,Yes,5,Yes
104862,Female,30-50,No,5,No
104863,Female,<30,No,6,No
104864,Female,>50,Yes,12,Yes
104865,Female,>50,Yes,13,No
104866,Female,>50,Yes,7,Yes
104867,Female,<30,Yes,11,No
104868,Female,<30,Yes,15,No
104869,Female,<30,No,3,No
104870,Female,30-50,No,6,No
104871,Female,30-50,Yes,13,No
104872,Male,>50,Yes,5,Yes
104873,Female,>50,Yes,15,No
104874,Female,30-50,Yes,6,Yes
104875,Female,>50,Yes,15,No
104876,Female,30-50,Yes,12,Yes
104877,Female,>50,Yes,10,Yes
104878,Female,<30,No,4,No
104879,Female,30-50,No,2,No
104880,Male,>50,Yes,6,Yes
104881,Male,30-50,No,1,Yes
104882,Male,<30,No,2,No
104883,Female,>50,No,3,No
104884,Male,>50,Yes,15,Yes
104885,Female,>50,No,3,Yes
104886,Female,>50,No,1,No
104887,Male,30-50,Yes,14,Yes
104888,Female,30-50,No,3,No
104889,Female,<30,No,6,No
104890,Male,30-50,Yes,10,Yes
104891,Male,<30,Yes,8,No
104892,Male,<30,Yes,7,No
104893,Female,30-50,Yes,13,Yes
104894,Male,<30,Yes,7,Yes
104895,Male,>50,Yes,10,Yes
104896,Male,<30,Yes,6,No
104897,Female,>50,No,4,No
104898,Male,30-50,Yes,6,No
104899,Male,30-50,Yes,11,Yes
104900,Female,<30,Yes,13,Yes
104901,Female,>50,No,4,No
104902,Male,30-50,Yes,12,Yes
104903,Female,30-50,No,1,No
104904,Female,30-50,Yes,10,No
104905,Female,>50,Yes,10,No
104906,Female,30-50,No,4,No
104907,Female,>50,Yes,9,Yes
104908,Female,>50,No,1,No
104909,Male,30-50,No,1,No
104910,Female,>50,Yes,12,No
104911,Female,>50,No,5,No
104912,Male,<30,No,3,No
104913,Female,30-50,Yes,14,No
104914,Male,30-50,No,1,No
104915,Female,>50,Yes,15,Yes
104916,Female,>50,No,7,No
104917,Male,30-50,Yes,5,No
104918,Female,>50,Yes,7,No
104919,Male,30-50,Yes,15,Yes
104920,Female,>50,Yes,8,No
104921,Female,30-50,No,3,Yes
104922,Female,<30,Yes,14,No
104923,Female,<30,Yes,11,No
104924,Female,30-50,Yes,10,Yes
104925,Female,30-50,Yes,8,No
104926,Male,30-50,Yes,12,No
104927,Female,30-50,Yes,7,Yes
104928,Female,30-50,No,4,No
104929,Female,<30,Yes,9,Yes
104930,Female,30-50,No,5,Yes
104931,Female,30-50,No,6,No
104932,Male,30-50,Yes,9,No
104933,Female,30-50,No,2,No
104934,Female,30-50,Yes,7,Yes
104935,Male,>50,No,6,Yes
104936,Male,30-50,Yes,10,Yes
104937,Male,<30,No,1,No
104938,Male,30-50,Yes,8,No
104939,Female,<30,Yes,11,Yes
104940,Female,30-50,Yes,10,No
104941,Female,30-50,Yes,15,No
104942,Female,>50,Yes,13,No
104943,Male,<30,Yes,14,No
104944,Male,30-50,Yes,8,No
104945,Female,>50,Yes,7,No
104946,Male,30-50,Yes,11,Yes
104947,Female,>50,No,3,No
104948,Male,>50,Yes,6,No
104949,Female,>50,No,7,No
104950,Female,>50,Yes,8,No
104951,Female,30-50,Yes,6,Yes
104952,Female,30-50,Yes,9,No
104953,Male,<30,Yes,5,No
104954,Male,>50,Yes,9,No
104955,Male,30-50,Yes,9,No
104956,Female,>50,No,5,No
104957,Female,<30,No,5,No
104958,Female,<30,Yes,7,No
104959,Female,>50,Yes,9,No
104960,Female,<30,Yes,12,No
104961,Female,>50,Yes,14,Yes
104962,Female,>50,No,3,No
104963,Female,<30,Yes,13,No
104964,Female,>50,Yes,13,Yes
104965,Female,>50,Yes,13,Yes
104966,Female,<30,No,5,No
104967,Female,<30,Yes,7,No
104968,Male,>50,Yes,6,No
104969,Female,30-50,No,1,Yes
104970,Male,>50,Yes,7,Yes
104971,Male,30-50,Yes,8,No
104972,Female,30-50,Yes,12,Yes
104973,Female,<30,No,7,No
104974,Male,30-50,Yes,8,No
104975,Female,30-50,Yes,11,Yes
104976,Female,>50,No,2,No
104977,Male,30-50,Yes,9,Yes
104978,Female,<30,Yes,10,Yes
104979,Female,30-50,Yes,9,Yes
104980,Female,<30,Yes,13,Yes
104981,Male,30-50,Yes,13,Yes
104982,Female,30-50,No,7,No
104983,Female,<30,No,1,No
104984,Female,<30,Yes,8,No
104985,Male,30-50,Yes,5,Yes
104986,Female,>50,Yes,12,No
104987,Female,30-50,Yes,12,Yes
104988,Female,<30,Yes,14,No
104989,Male,<30,Yes,5,No
104990,Female,30-50,Yes,14,No
104991,Female,<30,Yes,7,Yes
104992,Female,<30,No,5,Yes
104993,Male,>50,Yes,9,No
104994,Male,>50,No,2,No
104995,Female,30-50,No,1,No
104996,Female,<30,No,7,No
104997,Male,>50,Yes,7,Yes
104998,Female,30-50,Yes,6,Yes
104999,Female,30-50,Yes,7,Yes
105000,Male,<30,Yes,7,No
105001,Female,>50,Yes,10,No
105002,Male,30-50,Yes,15,Yes
105003,Female,30-50,No,4,No
105004,Female,>50,No,7,No
105005,Female,30-50,No,6,No
105006,Female,<30,Yes,6,No
105007,Male,<30,No,1,No
105008,Female,30-50,Yes,6,Yes
105009,Female,>50,Yes,15,Yes
105010,Female,30-50,Yes,12,Yes
105011,Female,30-50,Yes,9,No
105012,Male,>50,Yes,12,Yes
105013,Female,30-50,Yes,6,No
105014,Female,30-50,Yes,9,Yes
105015,Female,<30,Yes,12,Yes
105016,Female,30-50,Yes,8,Yes
105017,Female,<30,Yes,5,Yes
105018,Female,30-50,Yes,14,Yes
105019,Male,<30,Yes,14,Yes
105020,Male,30-50,Yes,12,Yes
105021,Female,>50,Yes,15,No
105022,Female,30-50,Yes,15,No
105023,Female,>50,Yes,10,No
105024,Female,30-50,No,5,No
105025,Female,>50,Yes,13,Yes
105026,Female,<30,Yes,6,No
105027,Female,>50,No,1,No
105028,Female,30-50,No,6,No
105029,Female,30-50,Yes,15,Yes
105030,Female,30-50,Yes,6,No
105031,Male,>50,No,5,No
105032,Male,<30,Yes,15,No
105033,Female,30-50,Yes,8,Yes
105034,Female,>50,Yes,13,Yes
105035,Female,30-50,No,1,No
105036,Male,30-50,No,4,No
105037,Male,>50,No,7,No
105038,Male,30-50,Yes,15,Yes
105039,Female,30-50,Yes,9,Yes
105040,Male,>50,Yes,10,No
105041,Female,30-50,No,1,No
105042,Male,30-50,Yes,13,Yes
105043,Female,30-50,Yes,15,Yes
105044,Female,>50,Yes,9,No
105045,Male,<30,Yes,9,No
105046,Female,>50,Yes,15,No
105047,Female,30-50,Yes,15,No
105048,Male,30-50,No,6,No
105049,Female,<30,No,1,No
105050,Female,30-50,No,1,No
105051,Female,30-50,No,6,No
105052,Female,>50,Yes,12,Yes
105053,Male,>50,Yes,10,No
105054,Male,>50,No,6,No
105055,Female,30-50,Yes,15,No
105056,Female,>50,Yes,10,Yes
105057,Female,30-50,Yes,14,No
105058,Female,>50,Yes,11,Yes
105059,Female,<30,Yes,7,No
105060,Male,<30,Yes,7,Yes
105061,Female,30-50,Yes,14,Yes
105062,Male,<30,No,7,No
105063,Female,30-50,No,5,No
105064,Male,30-50,Yes,14,Yes
105065,Female,>50,Yes,8,Yes
105066,Female,30-50,No,6,No
105067,Male,<30,Yes,10,No
105068,Male,30-50,No,5,No
105069,Female,>50,Yes,5,No
105070,Female,30-50,Yes,11,No
105071,Female,>50,Yes,7,Yes
105072,Male,<30,Yes,13,Yes
105073,Female,<30,No,1,No
105074,Female,<30,Yes,7,No
105075,Female,30-50,No,5,No
105076,Female,>50,Yes,5,Yes
105077,Male,<30,Yes,10,No
105078,Male,30-50,Yes,14,Yes
105079,Female,<30,Yes,12,No
105080,Male,30-50,No,4,No
105081,Female,<30,No,1,Yes
105082,Male,<30,No,2,No
105083,Female,30-50,No,6,No
105084,Female,<30,Yes,9,No
105085,Female,30-50,Yes,9,No
105086,Male,>50,Yes,5,No
105087,Male,<30,Yes,6,Yes
105088,Male,<30,Yes,14,No
105089,Male,>50,Yes,7,Yes
105090,Male,30-50,Yes,13,No
105091,Male,>50,No,4,No
105092,Female,>50,Yes,5,Yes
105093,Female,<30,Yes,9,Yes
105094,Male,30-50,Yes,6,Yes
105095,Male,30-50,Yes,11,Yes
105096,Male,30-50,Yes,13,Yes
105097,Male,30-50,No,7,No
105098,Female,>50,Yes,15,No
105099,Female,30-50,Yes,9,Yes
105100,Male,>50,Yes,7,Yes
105101,Male,30-50,Yes,6,No
105102,Female,30-50,Yes,10,Yes
105103,Female,30-50,Yes,6,No
105104,Male,<30,Yes,5,No
105105,Male,>50,No,3,No
105106,Male,30-50,Yes,6,No
105107,Male,<30,Yes,10,Yes
105108,Female,30-50,No,7,Yes
105109,Female,>50,No,1,No
105110,Female,30-50,Yes,13,Yes
105111,Female,30-50,Yes,7,Yes
105112,Female,>50,Yes,9,Yes
105113,Female,>50,Yes,6,Yes
105114,Male,30-50,Yes,10,No
105115,Male,30-50,Yes,8,Yes
105116,Male,30-50,Yes,13,Yes
105117,Female,30-50,Yes,10,No
105118,Male,30-50,Yes,9,No
105119,Female,30-50,No,5,No
105120,Female,30-50,No,4,No
105121,Male,>50,Yes,10,No
105122,Female,>50,Yes,9,No
105123,Male,<30,No,5,No
105124,Female,>50,Yes,15,Yes
105125,Female,>50,No,2,No
105126,Female,<30,Yes,9,Yes
105127,Female,>50,Yes,5,No
105128,Female,<30,No,5,No
105129,Male,30-50,No,3,No
105130,Male,<30,No,3,No
105131,Female,30-50,Yes,8,No
105132,Female,30-50,Yes,11,No
105133,Female,30-50,No,3,No
105134,Female,30-50,Yes,5,No
105135,Female,>50,Yes,7,Yes
105136,Female,>50,No,1,No
105137,Female,30-50,Yes,7,No
105138,Female,<30,Yes,14,No
105139,Female,>50,Yes,7,Yes
105140,Female,30-50,Yes,5,Yes
105141,Male,30-50,Yes,13,Yes
105142,Female,30-50,No,3,No
105143,Female,30-50,No,3,No
105144,Female,30-50,No,4,No
105145,Female,>50,Yes,5,No
105146,Male,<30,Yes,14,Yes
105147,Female,<30,No,4,No
105148,Male,30-50,Yes,7,No
105149,Male,30-50,Yes,6,Yes
105150,Female,30-50,Yes,5,Yes
105151,Female,<30,No,2,No
105152,Female,>50,No,4,Yes
105153,Male,30-50,Yes,13,Yes
105154,Female,30-50,Yes,8,Yes
105155,Female,>50,Yes,9,No
105156,Female,30-50,No,7,No
105157,Female,30-50,Yes,13,No
105158,Female,<30,No,1,No
105159,Female,30-50,Yes,6,No
105160,Female,30-50,Yes,13,No
105161,Female,<30,Yes,14,No
105162,Male,30-50,Yes,11,Yes
105163,Male,30-50,No,4,No
105164,Male,<30,No,4,No
105165,Female,>50,Yes,13,Yes
105166,Female,>50,No,4,No
105167,Male,>50,Yes,5,Yes
105168,Female,>50,No,2,Yes
105169,Female,>50,Yes,12,No
105170,Female,>50,Yes,12,No
105171,Female,<30,No,1,No
105172,Female,>50,Yes,13,Yes
105173,Female,30-50,No,1,Yes
105174,Male,30-50,No,3,Yes
105175,Male,30-50,Yes,15,Yes
105176,Male,<30,Yes,10,No
105177,Female,<30,Yes,7,Yes
105178,Male,30-50,Yes,15,No
105179,Male,30-50,Yes,8,No
105180,Male,<30,Yes,15,No
105181,Male,30-50,Yes,7,Yes
105182,Female,30-50,Yes,9,Yes
105183,Female,30-50,Yes,5,No
105184,Female,30-50,Yes,10,Yes
105185,Female,30-50,Yes,13,No
105186,Female,30-50,No,3,No
105187,Female,>50,No,5,No
105188,Male,30-50,Yes,7,No
105189,Female,<30,No,7,Yes
105190,Female,>50,No,3,No
105191,Female,>50,Yes,8,Yes
105192,Male,<30,No,6,No
105193,Female,<30,No,3,No
105194,Male,30-50,Yes,12,No
105195,Male,30-50,Yes,10,Yes
105196,Female,30-50,No,1,Yes
105197,Male,<30,Yes,15,No
105198,Female,>50,No,4,No
105199,Male,<30,Yes,9,Yes
105200,Male,30-50,Yes,6,Yes
105201,Female,>50,No,7,No
105202,Male,30-50,Yes,7,No
105203,Female,30-50,Yes,14,No
105204,Female,30-50,Yes,11,Yes
105205,Female,>50,Yes,6,No
105206,Male,30-50,Yes,15,Yes
105207,Female,>50,Yes,15,Yes
105208,Female,>50,Yes,5,No
105209,Female,30-50,Yes,13,No
105210,Female,>50,Yes,15,Yes
105211,Female,30-50,No,5,Yes
105212,Male,>50,Yes,9,No
105213,Female,>50,Yes,5,No
105214,Female,<30,No,3,No
105215,Female,<30,Yes,7,No
105216,Female,30-50,Yes,11,Yes
105217,Male,>50,No,7,No
105218,Female,>50,Yes,10,Yes
105219,Female,30-50,Yes,8,Yes
105220,Male,30-50,Yes,11,Yes
105221,Female,>50,Yes,11,Yes
105222,Female,>50,No,1,Yes
105223,Male,<30,Yes,15,No
105224,Female,30-50,Yes,14,Yes
105225,Female,>50,Yes,5,No
105226,Male,30-50,Yes,11,Yes
105227,Female,30-50,Yes,10,Yes
105228,Male,<30,Yes,14,Yes
105229,Female,<30,No,3,Yes
105230,Female,30-50,No,4,No
105231,Female,>50,Yes,5,Yes
105232,Male,30-50,Yes,7,No
105233,Female,30-50,Yes,11,Yes
105234,Male,30-50,No,2,No
105235,Male,<30,Yes,13,No
105236,Female,30-50,Yes,13,Yes
105237,Female,<30,No,2,No
105238,Female,30-50,No,3,Yes
105239,Female,30-50,Yes,10,Yes
105240,Female,>50,Yes,10,No
105241,Female,<30,Yes,11,Yes
105242,Female,30-50,No,7,No
105243,Female,30-50,Yes,15,No
105244,Female,<30,Yes,6,No
105245,Female,>50,Yes,5,No
105246,Male,>50,Yes,7,No
105247,Male,30-50,No,1,No
105248,Female,<30,No,5,No
105249,Male,>50,Yes,14,No
105250,Male,<30,No,6,No
105251,Female,>50,Yes,12,No
105252,Female,<30,Yes,9,No
105253,Female,30-50,No,5,Yes
105254,Female,30-50,Yes,9,No
105255,Male,<30,No,5,Yes
105256,Female,30-50,Yes,14,Yes
105257,Male,>50,No,3,No
105258,Female,<30,No,6,Yes
105259,Female,30-50,Yes,6,Yes
105260,Male,30-50,Yes,12,Yes
105261,Male,30-50,Yes,11,No
105262,Male,>50,No,6,No
105263,Female,<30,No,4,No
105264,Female,>50,Yes,7,No
105265,Female,30-50,Yes,9,Yes
105266,Female,>50,No,2,No
105267,Female,>50,Yes,15,Yes
105268,Female,30-50,Yes,9,Yes
105269,Female,30-50,No,2,No
105270,Male,<30,Yes,11,Yes
105271,Female,<30,No,2,No
105272,Female,<30,No,3,No
105273,Female,30-50,Yes,8,No
105274,Female,>50,Yes,15,Yes
105275,Male,<30,Yes,14,No
105276,Male,>50,Yes,7,No
105277,Male,30-50,No,6,Yes
105278,Male,30-50,No,2,No
105279,Male,>50,Yes,12,Yes
105280,Male,<30,Yes,10,Yes
105281,Female,30-50,No,6,Yes
105282,Male,>50,No,4,No
105283,Female,30-50,Yes,10,Yes
105284,Male,<30,Yes,5,Yes
105285,Male,<30,Yes,14,Yes
105286,Male,30-50,Yes,8,No
105287,Female,30-50,No,4,No
105288,Female,>50,No,7,No
105289,Female,>50,Yes,11,No
105290,Male,30-50,No,6,No
105291,Male,30-50,No,4,Yes
105292,Female,<30,No,2,No
105293,Female,<30,Yes,11,No
105294,Female,>50,No,6,Yes
105295,Female,30-50,Yes,7,Yes
105296,Male,30-50,Yes,10,Yes
105297,Female,<30,Yes,11,No
105298,Female,>50,Yes,12,No
105299,Female,30-50,Yes,5,No
105300,Female,30-50,No,7,No
105301,Female,30-50,Yes,9,Yes
105302,Female,<30,Yes,7,No
105303,Male,>50,No,5,No
105304,Female,>50,No,1,No
105305,Male,<30,Yes,15,No
105306,Female,30-50,Yes,9,Yes
105307,Female,30-50,Yes,8,Yes
105308,Female,30-50,No,4,No
105309,Male,<30,Yes,12,No
105310,Female,30-50,No,1,No
105311,Male,<30,No,3,No
105312,Male,<30,No,7,No
105313,Male,30-50,No,3,No
105314,Female,<30,Yes,12,Yes
105315,Male,30-50,Yes,14,Yes
105316,Female,30-50,Yes,7,Yes
105317,Female,30-50,Yes,8,No
105318,Male,<30,Yes,15,No
105319,Male,30-50,Yes,9,Yes
105320,Male,<30,Yes,13,Yes
105321,Male,>50,Yes,7,Yes
105322,Female,<30,Yes,14,No
105323,Male,30-50,No,2,No
105324,Female,>50,Yes,9,Yes
105325,Female,30-50,Yes,7,No
105326,Female,30-50,Yes,12,No
105327,Female,30-50,No,2,No
105328,Female,30-50,No,4,Yes
105329,Male,<30,No,4,No
105330,Female,<30,No,5,No
105331,Female,30-50,Yes,9,Yes
105332,Male,>50,No,2,No
105333,Male,30-50,Yes,6,No
105334,Female,30-50,Yes,13,No
105335,Male,30-50,Yes,7,No
105336,Female,30-50,Yes,13,Yes
105337,Female,<30,Yes,15,Yes
105338,Male,<30,No,6,No
105339,Male,30-50,No,2,No
105340,Female,30-50,No,7,Yes
105341,Male,30-50,No,3,No
105342,Female,30-50,Yes,5,Yes
105343,Female,30-50,Yes,6,No
105344,Male,<30,Yes,9,Yes
105345,Male,<30,Yes,8,No
105346,Male,30-50,No,1,No
105347,Female,>50,No,2,No
105348,Female,30-50,No,2,No
105349,Female,>50,Yes,9,Yes
105350,Male,>50,Yes,10,No
105351,Female,30-50,Yes,15,Yes
105352,Male,30-50,Yes,9,Yes
105353,Male,>50,Yes,12,Yes
105354,Male,30-50,Yes,8,Yes
105355,Female,30-50,Yes,14,Yes
105356,Male,>50,Yes,9,Yes
105357,Female,>50,Yes,11,Yes
105358,Female,>50,Yes,9,Yes
105359,Female,>50,Yes,7,No
105360,Female,30-50,Yes,6,No
105361,Female,<30,No,1,No
105362,Female,<30,Yes,10,Yes
105363,Female,<30,Yes,9,Yes
105364,Female,30-50,Yes,14,No
105365,Male,>50,Yes,5,Yes
105366,Female,30-50,Yes,14,Yes
105367,Female,>50,Yes,12,Yes
105368,Male,<30,Yes,13,Yes
105369,Female,<30,Yes,15,Yes
105370,Male,30-50,Yes,14,Yes
105371,Female,30-50,No,2,Yes
105372,Female,30-50,Yes,5,Yes
105373,Male,>50,Yes,6,No
105374,Male,30-50,Yes,11,Yes
105375,Female,30-50,Yes,14,Yes
105376,Male,30-50,Yes,10,Yes
105377,Female,>50,Yes,7,Yes
105378,Female,30-50,No,6,Yes
105379,Male,30-50,Yes,8,No
105380,Male,<30,No,1,No
105381,Male,30-50,No,3,No
105382,Female,30-50,No,7,Yes
105383,Female,<30,Yes,7,No
105384,Female,>50,Yes,5,No
105385,Female,30-50,Yes,9,Yes
105386,Female,30-50,Yes,5,Yes
105387,Female,30-50,Yes,13,Yes
105388,Female,30-50,No,6,No
105389,Female,<30,No,2,No
105390,Female,>50,No,2,No
105391,Female,30-50,Yes,5,No
105392,Female,30-50,Yes,7,Yes
105393,Female,30-50,No,5,No
105394,Female,30-50,No,7,Yes
105395,Male,>50,No,6,No
105396,Female,>50,Yes,7,No
105397,Female,30-50,Yes,15,Yes
105398,Female,<30,Yes,7,Yes
105399,Female,30-50,Yes,8,No
105400,Female,30-50,Yes,9,No
105401,Female,<30,No,5,No
105402,Female,30-50,No,6,No
105403,Male,30-50,Yes,11,Yes
105404,Male,30-50,No,7,Yes
105405,Male,30-50,Yes,7,Yes
105406,Male,<30,Yes,14,Yes
105407,Female,<30,No,4,No
105408,Female,<30,No,2,No
105409,Male,30-50,Yes,10,No
105410,Female,>50,No,7,No
105411,Female,>50,Yes,5,Yes
105412,Male,>50,Yes,12,No
105413,Female,>50,Yes,12,No
105414,Female,30-50,No,7,Yes
105415,Female,30-50,Yes,8,Yes
105416,Female,<30,No,6,Yes
105417,Female,>50,Yes,13,Yes
105418,Female,30-50,No,3,Yes
105419,Male,>50,Yes,6,No
105420,Female,>50,Yes,9,No
105421,Male,30-50,No,7,Yes
105422,Female,<30,Yes,11,No
105423,Male,>50,Yes,12,No
105424,Male,<30,No,7,No
105425,Female,30-50,Yes,14,Yes
105426,Female,30-50,No,1,Yes
105427,Male,<30,No,1,No
105428,Female,30-50,Yes,11,Yes
105429,Female,30-50,No,5,No
105430,Female,<30,Yes,8,No
105431,Female,>50,Yes,5,No
105432,Male,30-50,Yes,12,No
105433,Female,30-50,Yes,13,No
105434,Male,>50,Yes,11,Yes
105435,Male,30-50,No,3,No
105436,Female,<30,Yes,6,Yes
105437,Female,30-50,Yes,5,No
105438,Female,30-50,Yes,8,Yes
105439,Female,<30,Yes,11,Yes
105440,Female,>50,Yes,14,No
105441,Female,30-50,No,1,No
105442,Female,30-50,No,6,No
105443,Male,>50,Yes,7,No
105444,Female,30-50,Yes,14,Yes
105445,Male,<30,No,7,No
105446,Female,>50,Yes,15,No
105447,Female,30-50,No,4,No
105448,Female,>50,No,1,No
105449,Female,30-50,Yes,5,Yes
105450,Female,>50,Yes,8,Yes
105451,Male,<30,Yes,9,No
105452,Male,>50,Yes,11,No
105453,Male,>50,Yes,5,No
105454,Male,30-50,Yes,7,Yes
105455,Male,>50,No,7,No
105456,Female,30-50,No,6,No
105457,Female,30-50,No,1,Yes
105458,Female,30-50,No,5,No
105459,Female,<30,No,6,No
105460,Male,30-50,Yes,5,Yes
105461,Male,30-50,No,3,No
105462,Female,>50,Yes,15,Yes
105463,Male,<30,Yes,6,No
105464,Male,30-50,Yes,11,No
105465,Male,<30,Yes,15,No
105466,Female,30-50,No,4,No
105467,Female,30-50,Yes,7,No
105468,Male,30-50,Yes,6,No
105469,Female,<30,No,1,No
105470,Female,>50,Yes,15,Yes
105471,Male,30-50,Yes,9,No
105472,Female,30-50,Yes,10,Yes
105473,Female,<30,Yes,7,No
105474,Male,30-50,No,2,Yes
105475,Female,<30,Yes,10,No
105476,Female,30-50,Yes,10,Yes
105477,Male,>50,No,7,No
105478,Female,<30,Yes,12,Yes
105479,Female,<30,Yes,12,Yes
105480,Male,<30,Yes,8,Yes
105481,Female,30-50,Yes,12,Yes
105482,Male,30-50,No,7,Yes
105483,Male,>50,No,3,No
105484,Female,30-50,Yes,15,Yes
105485,Male,30-50,Yes,15,Yes
105486,Male,>50,No,7,No
105487,Female,30-50,Yes,5,Yes
105488,Male,30-50,Yes,8,No
105489,Female,<30,Yes,15,No
105490,Male,<30,No,3,No
105491,Female,>50,Yes,5,No
105492,Male,<30,Yes,8,Yes
105493,Male,>50,Yes,13,No
105494,Female,<30,No,6,Yes
105495,Female,>50,Yes,7,No
105496,Male,>50,No,7,No
105497,Female,30-50,No,6,No
105498,Male,30-50,Yes,8,Yes
105499,Female,>50,No,3,No
105500,Female,>50,Yes,14,Yes
105501,Female,>50,Yes,10,Yes
105502,Male,<30,Yes,8,No
105503,Male,>50,Yes,11,No
105504,Female,>50,Yes,5,No
105505,Male,30-50,Yes,9,Yes
105506,Male,>50,Yes,13,No
105507,Female,<30,Yes,7,No
105508,Female,>50,Yes,9,No
105509,Male,30-50,Yes,11,Yes
105510,Male,30-50,Yes,8,Yes
105511,Male,30-50,Yes,8,Yes
105512,Female,30-50,No,1,No
105513,Female,30-50,Yes,13,Yes
105514,Male,<30,Yes,10,No
105515,Female,<30,Yes,10,No
105516,Female,30-50,Yes,13,No
105517,Female,30-50,Yes,8,No
105518,Female,30-50,No,2,Yes
105519,Male,30-50,Yes,15,Yes
105520,Male,30-50,Yes,14,Yes
105521,Female,30-50,Yes,6,No
105522,Female,>50,No,6,No
105523,Female,<30,Yes,10,No
105524,Female,<30,Yes,12,Yes
105525,Female,<30,Yes,13,Yes
105526,Female,<30,No,7,No
105527,Male,>50,No,2,No
105528,Male,30-50,Yes,14,No
105529,Male,30-50,Yes,10,Yes
105530,Female,>50,Yes,5,No
105531,Female,>50,No,3,No
105532,Female,30-50,No,4,No
105533,Male,30-50,Yes,11,No
105534,Male,30-50,Yes,15,Yes
105535,Female,<30,Yes,10,Yes
105536,Female,>50,Yes,10,No
105537,Female,30-50,Yes,7,Yes
105538,Female,>50,Yes,14,No
105539,Female,30-50,Yes,10,Yes
105540,Female,30-50,Yes,7,No
105541,Female,30-50,No,4,Yes
105542,Female,>50,No,4,No
105543,Male,30-50,Yes,9,Yes
105544,Male,<30,No,6,Yes
105545,Female,>50,Yes,5,Yes
105546,Female,30-50,Yes,15,Yes
105547,Female,30-50,Yes,8,Yes
105548,Male,30-50,Yes,11,Yes
105549,Female,30-50,No,5,No
105550,Female,<30,No,2,No
105551,Female,30-50,Yes,14,No
105552,Male,30-50,No,7,No
105553,Female,>50,No,2,No
105554,Female,30-50,No,3,No
105555,Female,30-50,Yes,12,Yes
105556,Female,30-50,Yes,11,No
105557,Female,30-50,Yes,9,No
105558,Male,30-50,Yes,15,No
105559,Female,30-50,Yes,13,No
105560,Male,30-50,No,6,No
105561,Female,>50,Yes,13,No
105562,Male,30-50,No,4,No
105563,Female,30-50,Yes,10,Yes
105564,Female,30-50,Yes,9,Yes
105565,Female,>50,Yes,9,No
105566,Female,30-50,Yes,7,No
105567,Female,30-50,Yes,10,Yes
105568,Male,30-50,Yes,8,No
105569,Male,30-50,Yes,8,No
105570,Male,>50,Yes,8,No
105571,Female,>50,No,6,Yes
105572,Female,>50,No,1,No
105573,Female,>50,No,2,No
105574,Female,>50,No,5,Yes
105575,Male,<30,Yes,13,No
105576,Male,30-50,Yes,6,No
105577,Male,30-50,Yes,5,No
105578,Male,30-50,Yes,5,No
105579,Male,>50,No,5,No
105580,Female,>50,No,5,No
105581,Male,30-50,Yes,6,No
105582,Female,30-50,Yes,7,Yes
105583,Male,30-50,No,5,Yes
105584,Female,30-50,Yes,7,Yes
105585,Female,30-50,Yes,7,No
105586,Female,>50,Yes,11,No
105587,Male,30-50,Yes,14,Yes
105588,Female,30-50,No,6,No
105589,Male,>50,No,2,No
105590,Female,<30,Yes,11,No
105591,Female,<30,Yes,11,Yes
105592,Male,>50,Yes,15,No
105593,Female,30-50,Yes,8,Yes
105594,Female,<30,Yes,6,Yes
105595,Female,30-50,Yes,10,Yes
105596,Female,30-50,Yes,6,Yes
105597,Female,>50,Yes,14,Yes
105598,Female,<30,No,4,No
105599,Female,<30,Yes,14,No
105600,Female,30-50,No,2,No
105601,Male,<30,Yes,10,No
105602,Female,<30,Yes,5,Yes
105603,Female,>50,Yes,13,Yes
105604,Female,30-50,Yes,8,Yes
105605,Female,30-50,Yes,8,No
105606,Male,<30,Yes,10,Yes
105607,Female,>50,No,5,No
105608,Male,30-50,Yes,14,Yes
105609,Female,>50,No,4,No
105610,Female,30-50,Yes,8,No
105611,Female,>50,Yes,15,No
105612,Male,30-50,No,2,Yes
105613,Female,>50,No,6,No
105614,Female,30-50,No,3,No
105615,Male,>50,Yes,12,Yes
105616,Male,>50,Yes,5,No
105617,Female,30-50,Yes,7,No
105618,Male,>50,Yes,12,No
105619,Female,>50,Yes,13,Yes
105620,Male,30-50,No,5,Yes
105621,Male,<30,No,4,No
105622,Male,<30,Yes,10,No
105623,Female,30-50,No,4,No
105624,Female,30-50,Yes,14,No
105625,Female,<30,No,4,No
105626,Female,30-50,No,7,No
105627,Male,>50,Yes,13,No
105628,Male,30-50,No,2,No
105629,Male,30-50,Yes,10,No
105630,Female,<30,Yes,7,No
105631,Female,30-50,Yes,12,Yes
105632,Male,30-50,Yes,9,Yes
105633,Male,<30,No,6,No
105634,Female,30-50,Yes,12,Yes
105635,Female,30-50,No,5,Yes
105636,Male,<30,Yes,14,No
105637,Female,30-50,No,5,No
105638,Male,30-50,Yes,15,No
105639,Female,30-50,No,2,No
105640,Male,30-50,No,4,No
105641,Female,30-50,Yes,9,No
105642,Male,30-50,Yes,10,No
105643,Female,30-50,Yes,11,No
105644,Female,30-50,Yes,10,No
105645,Male,30-50,Yes,6,No
105646,Female,30-50,Yes,7,No
105647,Female,30-50,Yes,14,Yes
105648,Female,30-50,Yes,13,Yes
105649,Male,>50,Yes,6,No
105650,Male,>50,Yes,15,Yes
105651,Male,<30,No,1,No
105652,Female,30-50,Yes,15,No
105653,Female,30-50,Yes,11,No
105654,Female,30-50,No,2,Yes
105655,Male,30-50,Yes,8,No
105656,Female,>50,Yes,8,Yes
105657,Female,30-50,No,2,No
105658,Male,30-50,No,5,No
105659,Female,>50,Yes,11,Yes
105660,Male,30-50,No,3,Yes
105661,Male,<30,No,4,No
105662,Female,30-50,Yes,14,Yes
105663,Female,30-50,No,4,Yes
105664,Male,<30,Yes,13,Yes
105665,Male,>50,No,7,Yes
105666,Female,30-50,Yes,6,No
105667,Female,>50,Yes,5,No
105668,Female,>50,No,7,No
105669,Female,30-50,Yes,12,No
105670,Female,<30,No,2,No
105671,Female,30-50,Yes,12,Yes
105672,Female,30-50,Yes,5,Yes
105673,Male,>50,No,3,No
105674,Male,<30,Yes,7,Yes
105675,Male,30-50,Yes,7,No
105676,Female,<30,No,4,No
105677,Female,30-50,No,1,Yes
105678,Female,<30,Yes,11,Yes
105679,Male,>50,No,2,No
105680,Female,30-50,Yes,12,Yes
105681,Female,30-50,Yes,14,No
105682,Female,<30,Yes,12,Yes
105683,Female,30-50,Yes,8,Yes
105684,Female,30-50,Yes,6,Yes
105685,Male,<30,Yes,5,Yes
105686,Male,<30,Yes,13,Yes
105687,Female,30-50,Yes,6,Yes
105688,Female,30-50,Yes,14,No
105689,Female,<30,No,6,No
105690,Female,<30,Yes,6,Yes
105691,Female,30-50,No,5,No
105692,Male,30-50,Yes,5,Yes
105693,Female,30-50,Yes,9,Yes
105694,Female,30-50,Yes,6,Yes
105695,Male,>50,Yes,9,No
105696,Male,>50,Yes,7,No
105697,Male,<30,Yes,14,No
105698,Female,30-50,No,1,No
105699,Female,30-50,No,3,No
105700,Female,>50,Yes,12,Yes
105701,Female,<30,Yes,10,Yes
105702,Male,>50,Yes,12,Yes
105703,Male,30-50,No,2,No
105704,Female,<30,Yes,9,No
105705,Male,<30,No,5,No
105706,Male,<30,No,6,No
105707,Female,30-50,Yes,6,Yes
105708,Female,30-50,Yes,13,No
105709,Female,30-50,Yes,5,Yes
105710,Female,30-50,Yes,6,No
105711,Male,>50,Yes,10,Yes
105712,Female,30-50,Yes,12,No
105713,Female,30-50,No,6,No
105714,Male,>50,No,1,No
105715,Female,>50,Yes,6,No
105716,Male,30-50,Yes,8,Yes
105717,Female,>50,No,2,No
105718,Female,30-50,No,2,Yes
105719,Female,30-50,No,4,Yes
105720,Male,30-50,Yes,11,No
105721,Female,30-50,No,4,No
105722,Female,30-50,No,2,No
105723,Female,<30,Yes,10,Yes
105724,Male,>50,Yes,14,Yes
105725,Male,>50,No,2,No
105726,Female,30-50,Yes,15,Yes
105727,Male,30-50,Yes,7,No
105728,Male,>50,Yes,7,No
105729,Male,>50,No,6,No
105730,Female,30-50,Yes,7,No
105731,Female,30-50,Yes,14,Yes
105732,Female,30-50,Yes,8,No
105733,Female,30-50,No,6,No
105734,Female,30-50,No,3,No
105735,Female,>50,Yes,14,Yes
105736,Female,30-50,No,5,Yes
105737,Male,30-50,Yes,8,No
105738,Female,30-50,Yes,14,Yes
105739,Female,<30,Yes,6,No
105740,Female,>50,Yes,12,Yes
105741,Male,>50,No,7,No
105742,Female,30-50,Yes,9,No
105743,Male,30-50,Yes,11,Yes
105744,Female,<30,Yes,7,Yes
105745,Female,<30,Yes,14,Yes
105746,Male,>50,Yes,14,No
105747,Male,30-50,No,6,Yes
105748,Male,30-50,Yes,6,No
105749,Male,30-50,Yes,15,No
105750,Male,30-50,No,6,No
105751,Male,30-50,Yes,14,Yes
105752,Male,30-50,Yes,13,No
105753,Female,30-50,Yes,8,Yes
105754,Female,>50,Yes,5,Yes
105755,Female,30-50,Yes,12,No
105756,Male,30-50,No,2,No
105757,Female,<30,No,6,No
105758,Male,30-50,Yes,11,No
105759,Female,30-50,No,4,No
105760,Male,30-50,Yes,8,Yes
105761,Female,30-50,No,6,No
105762,Female,<30,Yes,8,No
105763,Female,30-50,Yes,10,No
105764,Male,>50,Yes,12,Yes
105765,Female,30-50,No,6,No
105766,Female,30-50,Yes,7,No
105767,Female,30-50,Yes,15,Yes
105768,Male,>50,Yes,8,No
105769,Male,<30,Yes,15,No
105770,Female,30-50,Yes,11,No
105771,Male,>50,Yes,6,Yes
105772,Female,30-50,No,6,No
105773,Male,>50,No,4,Yes
105774,Male,30-50,Yes,13,No
105775,Male,>50,No,4,No
105776,Male,30-50,No,3,No
105777,Male,30-50,No,7,Yes
105778,Female,>50,No,3,No
105779,Female,30-50,No,3,No
105780,Female,>50,No,7,No
105781,Female,>50,No,2,No
105782,Female,30-50,Yes,11,No
105783,Male,>50,Yes,10,Yes
105784,Male,30-50,Yes,5,No
105785,Female,>50,No,1,No
105786,Male,<30,Yes,8,No
105787,Male,30-50,No,2,No
105788,Female,>50,No,7,Yes
105789,Male,>50,Yes,12,No
105790,Female,>50,Yes,8,No
105791,Male,30-50,Yes,7,No
105792,Female,>50,Yes,12,No
105793,Male,<30,No,7,No
105794,Male,<30,Yes,14,No
105795,Female,>50,Yes,10,Yes
105796,Female,<30,No,1,No
105797,Male,>50,No,1,No
105798,Female,30-50,No,1,No
105799,Female,30-50,Yes,12,No
105800,Female,30-50,Yes,12,Yes
105801,Male,<30,Yes,14,No
105802,Female,30-50,Yes,5,No
105803,Male,>50,No,4,No
105804,Female,30-50,Yes,10,Yes
105805,Female,30-50,Yes,11,No
105806,Female,<30,Yes,5,No
105807,Female,30-50,Yes,5,Yes
105808,Male,30-50,No,2,No
105809,Female,30-50,Yes,9,Yes
105810,Female,>50,No,1,No
105811,Female,30-50,Yes,13,Yes
105812,Male,>50,Yes,9,No
105813,Female,30-50,Yes,11,Yes
105814,Female,30-50,Yes,9,Yes
105815,Female,30-50,No,7,No
105816,Male,30-50,Yes,8,No
105817,Female,>50,Yes,12,Yes
105818,Female,<30,Yes,7,Yes
105819,Female,30-50,Yes,7,Yes
105820,Female,30-50,Yes,14,No
105821,Female,30-50,No,2,Yes
105822,Female,<30,No,7,No
105823,Female,30-50,Yes,6,Yes
105824,Male,30-50,Yes,7,Yes
105825,Female,<30,No,3,No
105826,Male,<30,Yes,5,No
105827,Female,30-50,Yes,5,Yes
105828,Female,30-50,Yes,11,Yes
105829,Female,30-50,No,5,No
105830,Male,30-50,No,2,No
105831,Female,<30,No,6,No
105832,Male,>50,Yes,15,No
105833,Female,<30,Yes,10,Yes
105834,Male,>50,Yes,15,No
105835,Female,30-50,Yes,11,No
105836,Female,30-50,No,2,No
105837,Female,30-50,No,3,No
105838,Female,<30,No,1,No
105839,Female,>50,No,6,No
105840,Female,<30,No,4,No
105841,Female,>50,Yes,13,Yes
105842,Female,>50,Yes,9,No
105843,Female,>50,Yes,5,Yes
105844,Male,>50,Yes,5,No
105845,Male,30-50,Yes,14,No
105846,Female,30-50,Yes,9,Yes
105847,Male,30-50,Yes,6,No
105848,Female,<30,Yes,12,Yes
105849,Male,<30,No,6,No
105850,Male,<30,Yes,13,No
105851,Male,30-50,No,4,No
105852,Male,30-50,No,6,No
105853,Female,>50,No,2,No
105854,Female,<30,Yes,11,Yes
105855,Female,>50,Yes,14,No
105856,Female,>50,Yes,15,No
105857,Female,30-50,Yes,12,No
105858,Male,>50,No,4,No
105859,Female,30-50,Yes,8,Yes
105860,Female,<30,No,5,No
105861,Female,30-50,Yes,6,No
105862,Male,<30,Yes,10,Yes
105863,Female,30-50,Yes,9,Yes
105864,Male,<30,No,7,No
105865,Female,<30,No,4,No
105866,Male,<30,Yes,6,No
105867,Male,30-50,No,5,Yes
105868,Female,<30,Yes,13,Yes
105869,Female,>50,Yes,8,Yes
105870,Male,30-50,Yes,11,Yes
105871,Female,30-50,No,2,No
105872,Female,30-50,No,6,No
105873,Female,<30,Yes,14,No
105874,Female,<30,Yes,9,No
105875,Female,>50,Yes,8,No
105876,Female,>50,Yes,11,No
105877,Female,30-50,Yes,10,Yes
105878,Male,>50,Yes,10,Yes
105879,Female,30-50,Yes,15,Yes
105880,Female,30-50,Yes,7,Yes
105881,Male,>50,No,7,No
105882,Female,30-50,Yes,8,No
105883,Male,30-50,No,1,No
105884,Male,30-50,No,1,No
105885,Female,30-50,Yes,15,No
105886,Male,30-50,Yes,15,Yes
105887,Female,30-50,Yes,10,No
105888,Male,<30,No,2,No
105889,Female,30-50,No,1,Yes
105890,Male,30-50,Yes,13,Yes
105891,Female,>50,Yes,5,No
105892,Female,30-50,Yes,6,Yes
105893,Female,<30,Yes,10,Yes
105894,Male,30-50,Yes,12,No
105895,Male,>50,Yes,6,Yes
105896,Female,30-50,Yes,11,Yes
105897,Female,>50,Yes,5,Yes
105898,Female,<30,Yes,6,Yes
105899,Female,<30,Yes,5,No
105900,Male,<30,Yes,9,No
105901,Female,30-50,Yes,14,Yes
105902,Male,30-50,No,7,No
105903,Male,<30,Yes,9,Yes
105904,Female,30-50,Yes,15,Yes
105905,Female,<30,Yes,7,Yes
105906,Female,30-50,Yes,15,Yes
105907,Male,<30,Yes,10,No
105908,Female,30-50,No,7,Yes
105909,Male,30-50,No,3,No
105910,Male,>50,No,1,No
105911,Male,<30,No,7,Yes
105912,Female,30-50,Yes,15,No
105913,Female,>50,Yes,13,No
105914,Male,30-50,Yes,7,No
105915,Male,30-50,Yes,8,Yes
105916,Male,30-50,Yes,9,No
105917,Male,30-50,No,3,No
105918,Female,<30,Yes,6,Yes
105919,Female,30-50,Yes,11,No
105920,Male,30-50,Yes,10,No
105921,Female,30-50,Yes,14,No
105922,Female,30-50,No,3,No
105923,Female,30-50,Yes,6,No
105924,Female,30-50,Yes,14,No
105925,Female,>50,Yes,15,Yes
105926,Male,30-50,No,1,No
105927,Male,30-50,Yes,7,No
105928,Male,>50,No,1,No
105929,Female,30-50,Yes,8,No
105930,Male,30-50,Yes,10,Yes
105931,Male,30-50,Yes,13,No
105932,Female,30-50,Yes,9,No
105933,Female,30-50,Yes,5,No
105934,Male,>50,Yes,8,Yes
105935,Female,<30,Yes,11,No
105936,Female,30-50,Yes,15,Yes
105937,Male,30-50,Yes,8,No
105938,Male,30-50,No,3,No
105939,Female,30-50,Yes,12,No
105940,Male,<30,Yes,6,Yes
105941,Male,30-50,Yes,6,No
105942,Male,<30,No,5,No
105943,Female,>50,Yes,8,Yes
105944,Male,>50,Yes,12,No
105945,Female,30-50,Yes,10,Yes
105946,Male,<30,Yes,11,No
105947,Female,<30,Yes,11,No
105948,Male,<30,Yes,12,Yes
105949,Male,30-50,No,6,No
105950,Female,>50,No,3,No
105951,Female,>50,Yes,10,Yes
105952,Female,>50,No,5,No
105953,Male,30-50,Yes,7,Yes
105954,Male,<30,No,3,No
105955,Female,30-50,No,5,No
105956,Male,<30,No,5,No
105957,Female,30-50,Yes,11,Yes
105958,Male,<30,Yes,10,Yes
105959,Male,30-50,Yes,13,No
105960,Male,30-50,No,3,Yes
105961,Female,>50,No,1,No
105962,Male,30-50,Yes,11,Yes
105963,Female,30-50,No,7,No
105964,Female,>50,Yes,15,Yes
105965,Male,30-50,Yes,11,No
105966,Male,<30,No,7,No
105967,Male,>50,Yes,14,No
105968,Male,>50,Yes,6,No
105969,Female,<30,No,2,No
105970,Male,30-50,No,3,Yes
105971,Female,30-50,Yes,14,Yes
105972,Male,<30,No,1,No
105973,Female,30-50,Yes,13,No
105974,Male,30-50,Yes,15,No
105975,Female,30-50,Yes,15,No
105976,Female,<30,Yes,11,Yes
105977,Male,30-50,No,4,No
105978,Male,<30,Yes,11,No
105979,Female,30-50,Yes,11,Yes
105980,Male,<30,Yes,12,Yes
105981,Female,<30,No,7,No
105982,Female,>50,Yes,10,No
105983,Male,<30,Yes,15,No
105984,Male,30-50,No,1,No
105985,Female,30-50,No,2,No
105986,Male,<30,Yes,9,No
105987,Male,30-50,No,6,No
105988,Female,30-50,Yes,5,No
105989,Male,30-50,Yes,10,Yes
105990,Female,>50,Yes,14,Yes
105991,Female,<30,Yes,6,No
105992,Female,>50,Yes,13,No
105993,Female,30-50,No,7,No
105994,Female,>50,Yes,5,No
105995,Female,>50,Yes,7,Yes
105996,Female,30-50,No,2,No
105997,Female,<30,Yes,12,No
105998,Female,30-50,No,6,No
105999,Female,<30,No,7,Yes
106000,Male,>50,Yes,11,Yes
106001,Male,>50,Yes,14,No
106002,Male,30-50,Yes,12,Yes
106003,Female,<30,No,7,Yes
106004,Male,<30,No,3,No
106005,Female,>50,Yes,5,No
106006,Female,30-50,No,4,No
106007,Male,>50,Yes,9,No
106008,Female,30-50,No,4,Yes
106009,Male,<30,No,2,No
106010,Male,<30,No,3,No
106011,Male,>50,Yes,15,Yes
106012,Male,<30,Yes,15,No
106013,Male,30-50,No,4,No
106014,Male,>50,Yes,12,Yes
106015,Male,>50,Yes,6,Yes
106016,Female,30-50,Yes,15,Yes
106017,Male,>50,Yes,10,Yes
106018,Female,30-50,No,3,No
106019,Female,30-50,No,3,No
106020,Female,<30,Yes,10,Yes
106021,Female,<30,Yes,6,No
106022,Male,>50,No,7,No
106023,Male,30-50,Yes,13,No
106024,Female,30-50,Yes,7,Yes
106025,Male,>50,Yes,11,No
106026,Female,30-50,Yes,15,Yes
106027,Male,30-50,No,2,Yes
106028,Female,>50,Yes,13,Yes
106029,Male,>50,Yes,7,Yes
106030,Male,>50,Yes,10,Yes
106031,Male,30-50,Yes,10,Yes
106032,Female,30-50,Yes,8,Yes
106033,Female,30-50,No,4,Yes
106034,Female,30-50,Yes,5,Yes
106035,Male,<30,Yes,12,Yes
106036,Female,>50,Yes,8,No
106037,Female,30-50,No,2,No
106038,Female,<30,Yes,12,Yes
106039,Male,30-50,No,2,No
106040,Male,30-50,Yes,6,Yes
106041,Female,<30,Yes,11,No
106042,Female,<30,Yes,11,Yes
106043,Male,>50,No,4,Yes
106044,Female,>50,Yes,11,No
106045,Female,>50,Yes,13,No
106046,Female,30-50,No,5,No
106047,Female,<30,Yes,8,No
106048,Female,30-50,No,4,No
106049,Female,>50,No,3,No
106050,Male,<30,No,5,No
106051,Female,<30,Yes,5,Yes
106052,Male,30-50,No,2,No
106053,Female,>50,No,2,No
106054,Female,30-50,No,1,No
106055,Female,>50,Yes,11,No
106056,Male,>50,Yes,5,No
106057,Female,>50,No,3,No
106058,Male,>50,No,1,No
106059,Male,>50,Yes,11,No
106060,Male,30-50,Yes,10,No
106061,Male,<30,No,7,Yes
106062,Male,>50,Yes,11,Yes
106063,Female,<30,Yes,15,No
106064,Female,>50,No,2,No
106065,Female,30-50,No,4,No
106066,Male,>50,Yes,13,Yes
106067,Female,30-50,Yes,15,Yes
106068,Female,>50,Yes,9,Yes
106069,Female,>50,No,1,No
106070,Male,>50,Yes,12,No
106071,Female,30-50,No,7,Yes
106072,Female,<30,No,4,No
106073,Male,>50,Yes,14,Yes
106074,Female,30-50,Yes,12,Yes
106075,Female,30-50,Yes,9,Yes
106076,Female,30-50,Yes,7,Yes
106077,Female,<30,Yes,11,No
106078,Female,30-50,Yes,8,Yes
106079,Male,30-50,Yes,11,No
106080,Male,30-50,No,4,Yes
106081,Female,30-50,Yes,5,Yes
106082,Female,<30,Yes,9,Yes
106083,Female,30-50,Yes,8,No
106084,Female,30-50,No,2,No
106085,Male,30-50,No,6,No
106086,Female,<30,Yes,7,Yes
106087,Female,>50,Yes,12,No
106088,Female,30-50,Yes,5,No
106089,Female,30-50,Yes,10,No
106090,Male,30-50,Yes,8,No
106091,Male,<30,No,3,No
106092,Female,30-50,Yes,5,Yes
106093,Female,<30,Yes,11,No
106094,Female,>50,Yes,14,Yes
106095,Female,30-50,No,7,No
106096,Female,30-50,Yes,15,Yes
106097,Female,>50,Yes,12,No
106098,Female,>50,Yes,11,No
106099,Female,30-50,Yes,5,Yes
106100,Male,<30,No,3,Yes
106101,Female,>50,Yes,12,Yes
106102,Female,<30,Yes,11,No
106103,Female,30-50,No,3,No
106104,Male,30-50,Yes,7,No
106105,Female,>50,Yes,14,No
106106,Female,>50,Yes,5,No
106107,Female,30-50,Yes,15,Yes
106108,Female,30-50,Yes,9,Yes
106109,Male,30-50,Yes,11,No
106110,Female,<30,Yes,8,Yes
106111,Female,30-50,Yes,8,No
106112,Female,<30,Yes,11,No
106113,Female,30-50,Yes,8,Yes
106114,Female,30-50,No,2,No
106115,Male,>50,Yes,10,No
106116,Female,30-50,Yes,5,Yes
106117,Male,30-50,Yes,6,No
106118,Male,30-50,No,4,Yes
106119,Female,30-50,Yes,8,Yes
106120,Female,>50,Yes,10,Yes
106121,Female,<30,Yes,6,Yes
106122,Male,<30,Yes,14,No
106123,Female,30-50,Yes,8,Yes
106124,Female,30-50,Yes,11,Yes
106125,Female,30-50,No,5,Yes
106126,Female,>50,No,6,No
106127,Female,30-50,No,5,Yes
106128,Male,<30,Yes,11,No
106129,Male,30-50,Yes,10,No
106130,Female,30-50,No,3,Yes
106131,Female,<30,Yes,15,No
106132,Female,30-50,Yes,10,No
106133,Female,30-50,Yes,5,Yes
106134,Male,>50,Yes,8,No
106135,Male,30-50,Yes,12,No
106136,Male,<30,Yes,11,Yes
106137,Female,>50,Yes,5,Yes
106138,Female,>50,Yes,9,Yes
106139,Female,<30,No,1,No
106140,Female,30-50,Yes,12,Yes
106141,Male,30-50,No,3,No
106142,Female,<30,No,4,Yes
106143,Male,30-50,Yes,8,No
106144,Female,<30,Yes,11,No
106145,Female,30-50,No,5,Yes
106146,Female,30-50,Yes,6,Yes
106147,Female,>50,Yes,5,Yes
106148,Female,>50,Yes,6,Yes
106149,Male,>50,No,4,No
106150,Female,>50,No,1,Yes
106151,Male,30-50,Yes,13,Yes
106152,Female,>50,No,3,No
106153,Female,30-50,No,4,No
106154,Female,>50,No,7,No
106155,Female,30-50,No,4,No
106156,Female,<30,Yes,14,Yes
106157,Male,>50,Yes,11,Yes
106158,Male,30-50,No,1,No
106159,Male,<30,Yes,14,No
106160,Female,>50,Yes,13,Yes
106161,Female,>50,Yes,11,Yes
106162,Female,>50,Yes,14,No
106163,Female,30-50,Yes,15,No
106164,Male,30-50,No,6,No
106165,Female,>50,No,1,Yes
106166,Female,30-50,Yes,11,No
106167,Female,>50,Yes,15,No
106168,Female,>50,No,7,No
106169,Male,<30,No,2,No
106170,Female,<30,Yes,7,Yes
106171,Male,<30,Yes,5,No
106172,Female,<30,Yes,5,No
106173,Male,30-50,Yes,15,No
106174,Female,<30,Yes,5,Yes
106175,Female,30-50,Yes,11,Yes
106176,Female,30-50,No,7,Yes
106177,Female,>50,No,2,No
106178,Female,<30,Yes,13,Yes
106179,Female,<30,Yes,10,Yes
106180,Female,>50,No,1,No
106181,Male,30-50,Yes,9,Yes
106182,Female,30-50,Yes,13,Yes
106183,Female,<30,Yes,9,No
106184,Female,<30,Yes,12,Yes
106185,Female,>50,Yes,8,Yes
106186,Female,30-50,Yes,14,Yes
106187,Female,<30,No,7,No
106188,Female,<30,Yes,6,No
106189,Female,<30,No,7,No
106190,Female,<30,Yes,14,No
106191,Male,>50,Yes,11,No
106192,Female,30-50,No,3,No
106193,Female,30-50,Yes,12,Yes
106194,Female,30-50,Yes,12,Yes
106195,Female,>50,No,1,Yes
106196,Female,30-50,No,4,No
106197,Female,>50,Yes,15,No
106198,Female,>50,Yes,14,No
106199,Male,<30,Yes,8,No
106200,Male,30-50,Yes,9,No
106201,Male,30-50,Yes,9,No
106202,Female,30-50,No,1,No
106203,Female,30-50,No,6,No
106204,Female,30-50,No,7,No
106205,Female,<30,Yes,14,No
106206,Female,30-50,Yes,15,No
106207,Female,>50,Yes,15,Yes
106208,Male,30-50,No,7,No
106209,Male,30-50,Yes,8,No
106210,Female,>50,Yes,10,No
106211,Female,>50,Yes,12,Yes
106212,Female,30-50,Yes,14,Yes
106213,Male,30-50,Yes,9,No
106214,Male,30-50,Yes,14,No
106215,Female,>50,Yes,5,No
106216,Male,30-50,Yes,11,No
106217,Female,>50,Yes,7,No
106218,Female,30-50,No,5,No
106219,Female,30-50,Yes,8,Yes
106220,Male,30-50,Yes,11,Yes
106221,Female,>50,Yes,14,No
106222,Female,<30,Yes,11,No
106223,Female,<30,Yes,7,No
106224,Female,30-50,Yes,6,No
106225,Female,30-50,No,1,Yes
106226,Male,>50,No,5,No
106227,Male,30-50,Yes,9,Yes
106228,Female,30-50,No,3,Yes
106229,Female,<30,No,6,Yes
106230,Female,<30,Yes,10,Yes
106231,Female,>50,No,2,No
106232,Female,>50,Yes,13,Yes
106233,Female,30-50,Yes,13,No
106234,Male,30-50,Yes,11,No
106235,Male,30-50,No,1,No
106236,Female,>50,Yes,14,Yes
106237,Female,>50,Yes,13,No
106238,Male,<30,Yes,9,No
106239,Male,30-50,Yes,15,No
106240,Female,>50,Yes,15,Yes
106241,Female,<30,Yes,12,No
106242,Female,>50,Yes,14,Yes
106243,Female,<30,Yes,12,Yes
106244,Male,30-50,No,7,No
106245,Male,30-50,No,4,No
106246,Male,<30,Yes,7,No
106247,Female,30-50,Yes,12,Yes
106248,Male,30-50,No,4,No
106249,Female,>50,Yes,6,No
106250,Female,30-50,No,5,No
106251,Female,30-50,Yes,14,Yes
106252,Male,>50,Yes,14,No
106253,Female,<30,No,1,No
106254,Male,<30,Yes,11,No
106255,Female,<30,Yes,5,No
106256,Female,>50,Yes,8,No
106257,Female,>50,No,6,Yes
106258,Male,30-50,No,1,No
106259,Male,<30,Yes,7,Yes
106260,Female,30-50,Yes,13,Yes
106261,Male,>50,No,4,No
106262,Female,30-50,Yes,10,No
106263,Female,30-50,Yes,14,No
106264,Male,<30,Yes,6,No
106265,Male,30-50,Yes,10,Yes
106266,Male,>50,Yes,6,No
106267,Male,<30,No,4,No
106268,Male,>50,Yes,9,Yes
106269,Female,<30,Yes,13,Yes
106270,Female,30-50,No,4,Yes
106271,Male,30-50,Yes,9,Yes
106272,Female,<30,Yes,14,No
106273,Female,30-50,No,2,Yes
106274,Male,30-50,No,2,No
106275,Female,<30,Yes,9,Yes
106276,Male,<30,Yes,12,No
106277,Male,30-50,Yes,15,No
106278,Male,30-50,No,3,No
106279,Female,30-50,Yes,10,No
106280,Female,>50,Yes,12,Yes
106281,Male,<30,Yes,15,No
106282,Female,30-50,Yes,11,No
106283,Male,<30,No,5,No
106284,Male,30-50,No,6,No
106285,Male,30-50,No,4,No
106286,Male,<30,No,6,No
106287,Female,30-50,Yes,13,Yes
106288,Female,30-50,Yes,8,No
106289,Male,<30,No,7,No
106290,Female,30-50,Yes,6,Yes
106291,Female,30-50,Yes,12,Yes
106292,Female,>50,No,4,No
106293,Male,30-50,Yes,7,Yes
106294,Female,<30,Yes,9,Yes
106295,Male,<30,Yes,8,No
106296,Male,>50,No,6,No
106297,Female,>50,No,1,No
106298,Male,30-50,Yes,10,Yes
106299,Male,30-50,Yes,9,No
106300,Female,<30,Yes,14,Yes
106301,Female,30-50,No,2,No
106302,Female,30-50,Yes,12,Yes
106303,Female,<30,Yes,13,No
106304,Male,>50,No,4,No
106305,Male,<30,Yes,10,No
106306,Female,>50,No,3,No
106307,Female,30-50,Yes,10,Yes
106308,Female,>50,Yes,7,No
106309,Female,30-50,Yes,14,Yes
106310,Male,<30,No,3,No
106311,Male,>50,Yes,13,No
106312,Female,30-50,No,1,Yes
106313,Male,<30,Yes,12,No
106314,Female,>50,Yes,11,No
106315,Female,30-50,Yes,15,Yes
106316,Male,30-50,Yes,7,Yes
106317,Female,30-50,No,6,Yes
106318,Female,>50,No,5,No
106319,Female,30-50,No,7,No
106320,Female,30-50,No,2,No
106321,Female,30-50,No,7,No
106322,Female,30-50,Yes,5,Yes
106323,Female,>50,Yes,5,No
106324,Female,<30,Yes,11,No
106325,Female,>50,Yes,14,Yes
106326,Female,30-50,Yes,13,No
106327,Male,30-50,Yes,15,No
106328,Male,>50,No,1,No
106329,Female,>50,No,6,No
106330,Female,30-50,No,2,No
106331,Female,<30,Yes,5,No
106332,Female,30-50,Yes,10,No
106333,Female,30-50,No,5,No
106334,Male,30-50,Yes,15,Yes
106335,Female,30-50,No,4,No
106336,Male,30-50,No,7,No
106337,Male,<30,No,3,No
106338,Male,>50,Yes,15,No
106339,Male,30-50,Yes,14,Yes
106340,Female,30-50,Yes,15,Yes
106341,Male,<30,Yes,10,No
106342,Female,30-50,No,1,Yes
106343,Female,30-50,Yes,11,No
106344,Female,>50,Yes,11,Yes
106345,Female,30-50,Yes,6,Yes
106346,Male,>50,Yes,11,No
106347,Female,30-50,No,2,Yes
106348,Female,30-50,Yes,5,No
106349,Male,>50,No,6,No
106350,Male,<30,Yes,11,No
106351,Male,30-50,No,4,No
106352,Male,30-50,Yes,6,No
106353,Female,<30,Yes,6,No
106354,Female,30-50,Yes,6,Yes
106355,Male,>50,No,6,No
106356,Female,30-50,No,2,No
106357,Male,30-50,Yes,5,No
106358,Male,>50,No,4,No
106359,Male,30-50,Yes,13,No
106360,Female,30-50,No,6,No
106361,Male,30-50,No,1,Yes
106362,Female,30-50,Yes,6,Yes
106363,Male,>50,Yes,5,No
106364,Female,<30,Yes,5,No
106365,Female,30-50,Yes,7,No
106366,Female,30-50,No,7,No
106367,Female,30-50,No,6,Yes
106368,Male,30-50,Yes,11,No
106369,Male,<30,Yes,11,No
106370,Male,30-50,No,5,Yes
106371,Male,30-50,Yes,15,No
106372,Male,30-50,Yes,9,Yes
106373,Female,30-50,No,7,No
106374,Female,30-50,Yes,8,No
106375,Male,>50,Yes,7,No
106376,Male,30-50,Yes,7,Yes
106377,Male,30-50,Yes,5,No
106378,Female,30-50,No,6,Yes
106379,Female,<30,Yes,11,No
106380,Male,30-50,Yes,11,No
106381,Male,<30,Yes,11,No
106382,Male,30-50,No,3,No
106383,Female,30-50,No,5,Yes
106384,Male,<30,No,6,No
106385,Female,30-50,No,2,No
106386,Female,30-50,No,3,No
106387,Male,>50,Yes,11,Yes
106388,Female,30-50,No,2,Yes
106389,Female,30-50,Yes,9,No
106390,Female,30-50,Yes,6,Yes
106391,Female,30-50,No,2,No
106392,Male,30-50,Yes,15,Yes
106393,Female,<30,Yes,12,No
106394,Female,30-50,No,1,No
106395,Male,30-50,Yes,9,Yes
106396,Female,>50,Yes,5,No
106397,Female,>50,Yes,14,Yes
106398,Female,<30,Yes,13,Yes
106399,Male,<30,Yes,10,No
106400,Male,<30,Yes,11,Yes
106401,Male,30-50,Yes,12,Yes
106402,Female,30-50,Yes,11,No
106403,Female,<30,Yes,15,Yes
106404,Female,>50,Yes,9,Yes
106405,Female,<30,Yes,8,Yes
106406,Male,30-50,Yes,13,Yes
106407,Female,30-50,No,4,No
106408,Female,30-50,Yes,13,No
106409,Female,>50,Yes,10,Yes
106410,Female,30-50,Yes,14,No
106411,Male,>50,Yes,11,Yes
106412,Female,30-50,Yes,12,Yes
106413,Female,30-50,Yes,15,Yes
106414,Male,30-50,No,1,No
106415,Female,>50,Yes,10,No
106416,Female,30-50,No,2,Yes
106417,Female,<30,Yes,6,No
106418,Female,30-50,Yes,13,No
106419,Female,30-50,Yes,6,Yes
106420,Male,30-50,No,7,Yes
106421,Male,30-50,Yes,9,Yes
106422,Male,30-50,Yes,8,Yes
106423,Female,>50,No,7,No
106424,Female,>50,Yes,5,Yes
106425,Male,>50,No,2,No
106426,Male,<30,Yes,15,No
106427,Male,>50,Yes,10,Yes
106428,Female,30-50,Yes,13,Yes
106429,Male,30-50,Yes,6,Yes
106430,Female,30-50,Yes,11,Yes
106431,Female,<30,Yes,12,No
106432,Female,>50,Yes,11,Yes
106433,Female,30-50,Yes,7,No
106434,Male,<30,Yes,10,No
106435,Male,>50,Yes,5,Yes
106436,Female,30-50,Yes,8,No
106437,Male,30-50,Yes,11,Yes
106438,Male,30-50,Yes,7,No
106439,Female,30-50,Yes,11,No
106440,Male,30-50,No,1,No
106441,Male,>50,No,4,No
106442,Female,>50,Yes,13,Yes
106443,Female,30-50,Yes,10,Yes
106444,Female,>50,No,4,No
106445,Male,30-50,Yes,10,No
106446,Male,30-50,Yes,7,No
106447,Male,30-50,Yes,15,Yes
106448,Male,>50,No,7,No
106449,Male,30-50,Yes,15,Yes
106450,Male,>50,Yes,9,No
106451,Male,30-50,Yes,6,No
106452,Male,30-50,Yes,10,No
106453,Female,30-50,Yes,9,Yes
106454,Male,30-50,No,1,No
106455,Female,>50,No,6,No
106456,Female,30-50,Yes,7,No
106457,Male,30-50,No,2,No
106458,Female,30-50,Yes,12,No
106459,Female,<30,Yes,11,No
106460,Female,30-50,Yes,15,Yes
106461,Female,30-50,No,2,Yes
106462,Female,30-50,No,7,No
106463,Female,30-50,Yes,11,Yes
106464,Female,<30,Yes,11,No
106465,Female,30-50,No,6,No
106466,Female,30-50,Yes,5,No
106467,Female,30-50,Yes,11,Yes
106468,Female,>50,No,3,No
106469,Female,30-50,Yes,10,Yes
106470,Female,30-50,No,2,No
106471,Female,>50,No,1,Yes
106472,Male,30-50,No,6,No
106473,Female,<30,Yes,13,No
106474,Female,<30,No,6,No
106475,Female,<30,No,4,No
106476,Female,30-50,No,6,Yes
106477,Female,>50,Yes,11,No
106478,Male,30-50,No,2,No
106479,Female,30-50,Yes,12,Yes
106480,Male,<30,Yes,7,No
106481,Female,>50,No,1,No
106482,Female,30-50,No,2,No
106483,Female,<30,No,3,No
106484,Female,30-50,No,1,No
106485,Female,30-50,Yes,7,No
106486,Female,>50,Yes,9,Yes
106487,Female,30-50,Yes,13,Yes
106488,Male,30-50,Yes,11,No
106489,Male,<30,Yes,10,No
106490,Female,30-50,No,5,No
106491,Male,<30,No,1,No
106492,Female,<30,No,1,No
106493,Male,>50,No,7,Yes
106494,Male,30-50,Yes,12,No
106495,Female,30-50,Yes,6,No
106496,Male,<30,Yes,14,No
106497,Female,<30,Yes,13,No
106498,Female,>50,Yes,12,Yes
106499,Female,>50,No,3,No
106500,Male,30-50,No,5,No
106501,Male,30-50,Yes,13,No
106502,Female,30-50,No,2,No
106503,Female,30-50,Yes,12,Yes
106504,Male,<30,Yes,9,Yes
106505,Male,<30,Yes,8,Yes
106506,Female,30-50,Yes,15,Yes
106507,Male,>50,No,6,No
106508,Male,30-50,No,7,No
106509,Female,>50,No,2,Yes
106510,Female,30-50,Yes,11,No
106511,Male,30-50,Yes,13,Yes
106512,Male,30-50,Yes,13,No
106513,Female,<30,Yes,15,No
106514,Male,30-50,Yes,14,No
106515,Male,>50,Yes,15,No
106516,Female,<30,No,6,No
106517,Female,>50,No,7,No
106518,Male,30-50,No,6,Yes
106519,Male,30-50,No,4,No
106520,Male,30-50,No,7,No
106521,Female,<30,Yes,6,Yes
106522,Male,<30,No,6,No
106523,Female,>50,No,2,No
106524,Male,>50,No,3,No
106525,Female,30-50,No,2,No
106526,Male,<30,No,3,Yes
106527,Female,30-50,No,4,No
106528,Female,<30,No,4,No
106529,Female,<30,No,7,No
106530,Female,<30,Yes,5,No
106531,Male,30-50,Yes,5,No
106532,Female,30-50,Yes,5,Yes
106533,Female,30-50,No,3,No
106534,Male,>50,Yes,8,No
106535,Female,<30,Yes,11,No
106536,Female,<30,No,7,Yes
106537,Female,>50,Yes,6,No
106538,Female,>50,Yes,13,Yes
106539,Female,<30,Yes,8,Yes
106540,Female,30-50,No,4,No
106541,Male,<30,No,7,Yes
106542,Female,30-50,No,1,No
106543,Female,30-50,Yes,10,No
106544,Male,<30,Yes,15,Yes
106545,Male,30-50,Yes,8,Yes
106546,Female,30-50,Yes,13,No
106547,Female,30-50,Yes,8,Yes
106548,Female,30-50,Yes,6,No
106549,Male,<30,Yes,6,No
106550,Female,>50,Yes,7,Yes
106551,Female,30-50,No,1,Yes
106552,Female,<30,No,4,Yes
106553,Female,30-50,Yes,5,No
106554,Female,30-50,Yes,13,Yes
106555,Female,>50,Yes,11,Yes
106556,Female,<30,No,1,No
106557,Male,30-50,No,1,No
106558,Female,30-50,No,7,No
106559,Male,>50,No,3,No
106560,Female,>50,Yes,5,No
106561,Male,>50,Yes,7,No
106562,Female,30-50,No,2,No
106563,Female,30-50,Yes,12,No
106564,Female,30-50,Yes,8,Yes
106565,Male,<30,Yes,14,No
106566,Female,30-50,Yes,10,Yes
106567,Female,30-50,Yes,7,Yes
106568,Male,30-50,Yes,14,No
106569,Female,30-50,No,3,No
106570,Male,30-50,No,7,No
106571,Male,<30,No,7,No
106572,Female,30-50,No,2,Yes
106573,Male,30-50,Yes,14,Yes
106574,Female,<30,Yes,10,No
106575,Female,30-50,Yes,14,Yes
106576,Female,30-50,Yes,12,No
106577,Male,30-50,Yes,9,Yes
106578,Female,<30,Yes,9,No
106579,Male,30-50,Yes,8,Yes
106580,Female,<30,Yes,13,Yes
106581,Male,30-50,Yes,10,Yes
106582,Female,30-50,Yes,12,Yes
106583,Female,30-50,No,2,No
106584,Female,30-50,Yes,9,No
106585,Female,>50,Yes,15,No
106586,Female,>50,No,4,No
106587,Female,<30,No,2,No
106588,Female,30-50,No,4,Yes
106589,Female,30-50,Yes,9,Yes
106590,Female,30-50,Yes,11,No
106591,Female,<30,Yes,15,Yes
106592,Female,<30,No,3,No
106593,Male,30-50,No,2,No
106594,Female,30-50,Yes,6,No
106595,Male,30-50,Yes,10,Yes
106596,Female,<30,No,7,No
106597,Female,30-50,Yes,14,Yes
106598,Female,30-50,Yes,11,Yes
106599,Male,30-50,Yes,15,No
106600,Female,30-50,No,3,No
106601,Female,<30,Yes,7,Yes
106602,Female,30-50,No,2,No
106603,Female,30-50,No,5,Yes
106604,Male,30-50,Yes,13,Yes
106605,Male,<30,Yes,5,No
106606,Female,>50,Yes,14,No
106607,Female,30-50,Yes,8,Yes
106608,Female,>50,Yes,9,No
106609,Female,<30,No,7,No
106610,Male,30-50,No,1,No
106611,Male,<30,Yes,11,Yes
106612,Female,>50,Yes,14,No
106613,Male,>50,No,6,No
106614,Female,>50,Yes,13,No
106615,Female,<30,Yes,7,No
106616,Female,30-50,Yes,13,Yes
106617,Male,30-50,Yes,14,Yes
106618,Female,<30,Yes,14,No
106619,Male,>50,No,7,No
106620,Male,<30,Yes,5,No
106621,Female,<30,No,1,No
106622,Male,30-50,Yes,11,Yes
106623,Male,<30,Yes,10,Yes
106624,Male,30-50,Yes,15,Yes
106625,Female,30-50,Yes,10,No
106626,Female,<30,Yes,11,No
106627,Male,30-50,Yes,13,Yes
106628,Female,30-50,Yes,10,No
106629,Female,<30,No,4,No
106630,Male,30-50,No,1,No
106631,Male,30-50,No,4,No
106632,Female,30-50,No,7,No
106633,Female,<30,Yes,14,Yes
106634,Male,>50,No,4,No
106635,Female,>50,Yes,9,Yes
106636,Male,>50,Yes,9,No
106637,Female,30-50,Yes,14,Yes
106638,Male,30-50,Yes,13,Yes
106639,Female,30-50,Yes,12,No
106640,Female,30-50,Yes,10,Yes
106641,Female,30-50,No,7,No
106642,Male,>50,Yes,7,No
106643,Male,<30,No,3,No
106644,Female,>50,Yes,15,No
106645,Female,30-50,Yes,11,Yes
106646,Female,30-50,Yes,10,Yes
106647,Male,<30,No,1,No
106648,Female,30-50,Yes,11,Yes
106649,Female,30-50,Yes,11,Yes
106650,Female,<30,No,3,Yes
106651,Male,30-50,No,7,Yes
106652,Female,30-50,No,4,No
106653,Male,30-50,Yes,12,No
106654,Male,<30,Yes,11,No
106655,Male,30-50,Yes,11,No
106656,Male,<30,No,4,No
106657,Female,30-50,Yes,6,Yes
106658,Female,<30,Yes,10,No
106659,Male,>50,No,4,No
106660,Female,30-50,Yes,11,Yes
106661,Male,>50,No,2,No
106662,Male,<30,Yes,7,No
106663,Female,<30,Yes,14,Yes
106664,Female,>50,Yes,10,Yes
106665,Male,>50,Yes,5,No
106666,Male,<30,Yes,12,No
106667,Male,30-50,Yes,12,No
106668,Male,<30,Yes,6,No
106669,Male,30-50,Yes,12,Yes
106670,Female,30-50,No,3,No
106671,Male,30-50,No,5,No
106672,Female,<30,No,7,No
106673,Male,<30,Yes,7,No
106674,Male,<30,Yes,12,No
106675,Female,>50,Yes,6,No
106676,Female,>50,Yes,6,Yes
106677,Male,30-50,No,7,No
106678,Male,<30,Yes,10,No
106679,Female,30-50,No,6,Yes
106680,Male,30-50,Yes,13,Yes
106681,Male,<30,Yes,14,No
106682,Female,<30,Yes,9,No
106683,Male,30-50,No,4,Yes
106684,Male,>50,No,7,No
106685,Male,30-50,Yes,5,Yes
106686,Female,>50,Yes,15,No
106687,Female,30-50,Yes,7,Yes
106688,Female,30-50,Yes,5,No
106689,Male,>50,Yes,10,No
106690,Male,30-50,Yes,15,Yes
106691,Female,30-50,No,2,Yes
106692,Male,30-50,No,6,Yes
106693,Female,<30,No,6,Yes
106694,Male,<30,No,1,No
106695,Male,30-50,Yes,15,No
106696,Female,30-50,Yes,14,Yes
106697,Female,<30,Yes,9,Yes
106698,Female,<30,No,1,Yes
106699,Male,30-50,Yes,13,No
106700,Female,30-50,Yes,13,No
106701,Female,>50,Yes,9,No
106702,Male,<30,Yes,8,No
106703,Female,30-50,No,3,No
106704,Male,30-50,Yes,6,No
106705,Female,<30,Yes,5,Yes
106706,Female,<30,No,3,No
106707,Male,30-50,No,7,No
106708,Male,30-50,No,3,No
106709,Male,30-50,Yes,12,Yes
106710,Female,30-50,Yes,9,Yes
106711,Male,>50,No,2,Yes
106712,Female,30-50,Yes,6,Yes
106713,Female,30-50,No,4,No
106714,Female,>50,Yes,15,Yes
106715,Male,30-50,Yes,10,Yes
106716,Female,>50,Yes,14,No
106717,Male,>50,Yes,6,Yes
106718,Female,<30,Yes,12,No
106719,Male,30-50,No,6,No
106720,Male,<30,Yes,10,No
106721,Male,>50,Yes,11,Yes
106722,Female,30-50,Yes,10,Yes
106723,Female,>50,No,6,No
106724,Male,>50,No,3,No
106725,Female,30-50,Yes,6,Yes
106726,Female,>50,Yes,8,No
106727,Female,<30,Yes,5,No
106728,Male,30-50,Yes,8,No
106729,Female,>50,Yes,11,No
106730,Male,<30,No,1,No
106731,Male,30-50,Yes,6,No
106732,Female,30-50,Yes,6,Yes
106733,Female,<30,Yes,14,No
106734,Female,30-50,Yes,10,Yes
106735,Female,<30,No,1,No
106736,Male,>50,Yes,14,Yes
106737,Female,30-50,Yes,5,No
106738,Male,<30,Yes,13,No
106739,Female,30-50,Yes,13,No
106740,Female,<30,Yes,8,No
106741,Male,30-50,Yes,6,Yes
106742,Female,30-50,Yes,12,No
106743,Female,30-50,No,2,Yes
106744,Male,>50,Yes,8,Yes
106745,Female,30-50,No,6,No
106746,Female,30-50,No,7,No
106747,Male,<30,Yes,5,No
106748,Female,30-50,No,5,Yes
106749,Male,30-50,Yes,12,No
106750,Male,<30,Yes,8,No
106751,Female,30-50,Yes,12,No
106752,Female,<30,Yes,10,Yes
106753,Female,30-50,Yes,11,Yes
106754,Female,<30,Yes,5,No
106755,Female,30-50,Yes,11,No
106756,Male,30-50,Yes,5,No
106757,Male,>50,Yes,8,Yes
106758,Female,30-50,Yes,15,Yes
106759,Female,30-50,No,7,Yes
106760,Female,30-50,Yes,7,Yes
106761,Male,30-50,Yes,14,Yes
106762,Male,>50,No,1,No
106763,Female,30-50,Yes,9,Yes
106764,Male,>50,Yes,9,Yes
106765,Female,>50,Yes,8,Yes
106766,Male,>50,Yes,11,Yes
106767,Female,30-50,No,2,No
106768,Female,30-50,Yes,11,Yes
106769,Male,>50,No,4,No
106770,Male,30-50,Yes,6,Yes
106771,Female,30-50,Yes,6,Yes
106772,Male,>50,Yes,13,No
106773,Female,<30,No,6,No
106774,Female,30-50,Yes,13,Yes
106775,Female,30-50,Yes,9,Yes
106776,Female,30-50,Yes,12,No
106777,Male,>50,No,7,No
106778,Female,>50,Yes,13,No
106779,Female,>50,No,2,No
106780,Male,<30,Yes,10,Yes
106781,Male,30-50,Yes,10,Yes
106782,Female,30-50,No,2,No
106783,Female,30-50,No,7,No
106784,Female,30-50,No,7,No
106785,Male,>50,Yes,13,No
106786,Male,<30,Yes,7,Yes
106787,Female,30-50,Yes,13,Yes
106788,Female,30-50,No,2,No
106789,Male,<30,Yes,13,Yes
106790,Female,>50,Yes,11,No
106791,Female,30-50,No,4,Yes
106792,Female,30-50,Yes,9,Yes
106793,Female,>50,Yes,12,No
106794,Female,>50,Yes,5,No
106795,Male,>50,Yes,10,No
106796,Female,<30,Yes,9,No
106797,Male,<30,Yes,13,Yes
106798,Female,30-50,No,6,No
106799,Male,30-50,No,4,No
106800,Female,30-50,Yes,15,Yes
106801,Female,<30,Yes,15,No
106802,Female,<30,No,1,No
106803,Female,30-50,Yes,14,No
106804,Male,<30,Yes,14,Yes
106805,Female,>50,Yes,9,Yes
106806,Female,<30,Yes,10,No
106807,Male,>50,Yes,15,No
106808,Female,30-50,No,5,Yes
106809,Female,>50,No,5,No
106810,Female,>50,No,6,No
106811,Female,30-50,No,7,Yes
106812,Female,30-50,No,6,No
106813,Male,<30,No,1,No
106814,Female,<30,No,1,No
106815,Female,30-50,No,7,No
106816,Female,<30,No,5,No
106817,Female,30-50,Yes,14,No
106818,Female,30-50,Yes,6,Yes
106819,Female,30-50,Yes,8,Yes
106820,Male,>50,No,4,No
106821,Female,30-50,No,1,Yes
106822,Female,>50,Yes,15,Yes
106823,Female,<30,No,1,No
106824,Male,<30,Yes,6,No
106825,Female,<30,Yes,9,Yes
106826,Female,30-50,Yes,14,No
106827,Female,<30,Yes,8,Yes
106828,Female,30-50,Yes,12,Yes
106829,Female,>50,No,1,No
106830,Female,30-50,No,5,Yes
106831,Male,30-50,Yes,10,No
106832,Female,<30,No,4,No
106833,Female,>50,No,7,No
106834,Male,>50,Yes,14,Yes
106835,Male,30-50,Yes,14,No
106836,Female,30-50,Yes,13,No
106837,Male,>50,Yes,5,No
106838,Female,>50,Yes,13,Yes
106839,Female,30-50,No,4,No
106840,Male,30-50,No,5,No
106841,Male,30-50,No,2,Yes
106842,Male,>50,Yes,5,No
106843,Female,30-50,Yes,6,Yes
106844,Male,30-50,Yes,14,Yes
106845,Male,30-50,No,4,No
106846,Female,<30,No,2,No
106847,Female,>50,Yes,12,No
106848,Male,30-50,Yes,15,No
106849,Female,>50,Yes,11,No
106850,Male,30-50,No,2,No
106851,Female,30-50,No,6,No
106852,Female,30-50,No,3,No
106853,Female,>50,Yes,10,No
106854,Female,30-50,No,1,Yes
106855,Female,>50,No,2,No
106856,Male,>50,No,3,No
106857,Female,>50,No,2,No
106858,Female,30-50,No,5,No
106859,Male,>50,Yes,5,No
106860,Female,30-50,Yes,7,Yes
106861,Female,>50,Yes,13,No
106862,Female,<30,Yes,6,Yes
106863,Female,<30,Yes,10,Yes
106864,Female,30-50,No,3,No
106865,Male,<30,Yes,11,No
106866,Male,30-50,No,1,No
106867,Male,30-50,Yes,7,Yes
106868,Male,30-50,Yes,13,No
106869,Female,30-50,No,5,Yes
106870,Female,30-50,No,5,Yes
106871,Male,30-50,Yes,10,No
106872,Female,30-50,Yes,6,Yes
106873,Male,30-50,Yes,9,No
106874,Female,30-50,No,4,No
106875,Male,>50,Yes,14,No
106876,Female,>50,No,4,No
106877,Male,<30,No,7,No
106878,Female,30-50,Yes,10,No
106879,Male,30-50,Yes,5,No
106880,Female,>50,Yes,14,Yes
106881,Female,30-50,Yes,15,Yes
106882,Male,<30,No,7,No
106883,Male,<30,Yes,10,No
106884,Female,>50,No,4,No
106885,Male,30-50,No,3,No
106886,Female,30-50,No,2,Yes
106887,Female,30-50,Yes,6,Yes
106888,Male,30-50,Yes,9,No
106889,Female,30-50,No,7,No
106890,Female,<30,Yes,13,Yes
106891,Female,30-50,No,7,Yes
106892,Female,30-50,No,2,Yes
106893,Female,30-50,Yes,8,Yes
106894,Female,>50,Yes,6,Yes
106895,Female,30-50,Yes,11,Yes
106896,Female,>50,Yes,10,Yes
106897,Female,<30,Yes,9,No
106898,Female,<30,Yes,5,Yes
106899,Female,<30,Yes,10,Yes
106900,Male,30-50,No,4,No
106901,Female,30-50,Yes,11,Yes
106902,Female,<30,No,7,No
106903,Female,>50,No,7,No
106904,Male,30-50,Yes,14,No
106905,Female,30-50,Yes,10,No
106906,Female,>50,Yes,6,No
106907,Male,30-50,No,2,No
106908,Male,>50,No,2,No
106909,Male,>50,Yes,9,No
106910,Female,<30,No,7,No
106911,Female,30-50,No,1,No
106912,Female,<30,Yes,7,No
106913,Male,30-50,No,4,No
106914,Female,<30,Yes,13,No
106915,Male,>50,Yes,7,No
106916,Male,30-50,Yes,12,Yes
106917,Female,>50,No,3,Yes
106918,Female,30-50,No,2,No
106919,Male,30-50,Yes,11,Yes
106920,Male,30-50,No,4,No
106921,Female,<30,No,1,No
106922,Female,<30,Yes,11,Yes
106923,Female,30-50,Yes,14,Yes
106924,Female,<30,Yes,13,No
106925,Male,30-50,No,1,No
106926,Male,30-50,No,2,Yes
106927,Female,30-50,Yes,12,No
106928,Male,30-50,No,3,No
106929,Male,>50,Yes,8,No
106930,Male,30-50,No,3,Yes
106931,Female,>50,Yes,7,Yes
106932,Male,30-50,Yes,12,Yes
106933,Female,30-50,No,7,Yes
106934,Female,>50,Yes,11,No
106935,Male,30-50,Yes,9,Yes
106936,Female,30-50,Yes,15,Yes
106937,Male,30-50,Yes,14,Yes
106938,Male,30-50,Yes,12,Yes
106939,Male,30-50,Yes,10,No
106940,Male,>50,No,2,No
106941,Female,30-50,Yes,9,Yes
106942,Female,>50,No,6,No
106943,Female,<30,No,6,Yes
106944,Female,30-50,No,5,No
106945,Female,30-50,Yes,9,Yes
106946,Male,<30,Yes,11,No
106947,Female,30-50,Yes,7,No
106948,Female,30-50,No,3,No
106949,Female,30-50,Yes,12,Yes
106950,Male,>50,No,3,No
106951,Female,>50,No,7,No
106952,Male,30-50,Yes,11,Yes
106953,Male,30-50,No,4,No
106954,Female,30-50,Yes,6,Yes
106955,Male,<30,Yes,7,No
106956,Male,30-50,Yes,12,Yes
106957,Male,<30,No,6,No
106958,Male,30-50,No,2,No
106959,Female,30-50,No,7,No
106960,Female,>50,Yes,5,No
106961,Female,<30,Yes,5,No
106962,Female,30-50,No,4,No
106963,Male,>50,Yes,8,Yes
106964,Female,<30,Yes,11,No
106965,Female,<30,Yes,15,No
106966,Female,30-50,No,6,No
106967,Male,>50,Yes,13,No
106968,Female,>50,Yes,14,Yes
106969,Male,30-50,No,6,No
106970,Female,30-50,Yes,8,Yes
106971,Female,<30,No,5,Yes
106972,Female,<30,Yes,10,Yes
106973,Female,30-50,Yes,11,Yes
106974,Male,30-50,No,6,No
106975,Female,>50,No,2,Yes
106976,Female,>50,Yes,8,Yes
106977,Male,30-50,Yes,6,No
106978,Female,30-50,Yes,9,Yes
106979,Male,30-50,Yes,12,Yes
106980,Female,30-50,Yes,10,Yes
106981,Male,30-50,Yes,8,No
106982,Female,>50,No,3,No
106983,Female,>50,No,2,No
106984,Female,<30,Yes,7,Yes
106985,Female,<30,Yes,5,No
106986,Female,<30,Yes,12,Yes
106987,Female,30-50,No,1,No
106988,Male,30-50,Yes,12,No
106989,Male,>50,No,4,No
106990,Male,30-50,Yes,10,No
106991,Female,>50,Yes,14,No
106992,Male,<30,Yes,9,No
106993,Female,30-50,Yes,7,No
106994,Female,<30,Yes,11,Yes
106995,Female,>50,Yes,7,No
106996,Female,30-50,No,5,Yes
106997,Female,30-50,Yes,12,Yes
106998,Female,30-50,No,7,Yes
106999,Male,>50,Yes,7,No
107000,Female,>50,Yes,12,Yes
107001,Female,<30,Yes,5,Yes
107002,Female,<30,Yes,10,Yes
107003,Female,30-50,Yes,9,No
107004,Male,30-50,No,5,No
107005,Female,<30,No,6,No
107006,Female,<30,Yes,8,No
107007,Female,>50,Yes,7,No
107008,Male,30-50,No,6,No
107009,Female,<30,Yes,7,No
107010,Female,>50,No,2,No
107011,Female,30-50,Yes,5,No
107012,Male,30-50,Yes,7,Yes
107013,Female,<30,Yes,12,No
107014,Female,>50,Yes,15,Yes
107015,Male,30-50,No,7,No
107016,Female,30-50,Yes,8,Yes
107017,Male,30-50,Yes,12,Yes
107018,Male,>50,Yes,12,No
107019,Female,>50,Yes,14,No
107020,Female,>50,Yes,8,Yes
107021,Male,<30,No,3,Yes
107022,Female,<30,Yes,5,No
107023,Female,30-50,No,2,Yes
107024,Female,>50,Yes,7,Yes
107025,Female,30-50,No,2,No
107026,Male,<30,Yes,14,No
107027,Male,<30,Yes,7,No
107028,Male,>50,No,5,No
107029,Male,<30,Yes,7,No
107030,Female,>50,Yes,5,No
107031,Female,30-50,Yes,9,No
107032,Male,>50,Yes,5,No
107033,Female,30-50,No,3,Yes
107034,Female,30-50,Yes,7,Yes
107035,Female,30-50,Yes,15,Yes
107036,Female,>50,No,2,No
107037,Female,<30,Yes,6,Yes
107038,Female,30-50,Yes,14,Yes
107039,Male,30-50,Yes,15,No
107040,Female,>50,No,5,No
107041,Male,30-50,No,5,Yes
107042,Female,30-50,No,1,No
107043,Female,>50,Yes,13,Yes
107044,Female,>50,No,3,No
107045,Female,>50,No,1,No
107046,Female,>50,Yes,15,No
107047,Male,30-50,Yes,13,No
107048,Female,>50,No,1,No
107049,Female,30-50,Yes,13,Yes
107050,Female,>50,Yes,5,No
107051,Female,<30,Yes,5,Yes
107052,Female,30-50,Yes,12,No
107053,Female,30-50,No,7,No
107054,Male,30-50,Yes,11,No
107055,Female,>50,No,7,No
107056,Male,<30,Yes,12,No
107057,Male,>50,No,4,No
107058,Female,>50,Yes,15,No
107059,Female,30-50,Yes,10,Yes
107060,Female,>50,Yes,9,No
107061,Female,30-50,Yes,14,No
107062,Male,>50,No,5,No
107063,Male,30-50,Yes,5,No
107064,Male,>50,No,3,No
107065,Male,30-50,Yes,6,Yes
107066,Female,>50,Yes,8,Yes
107067,Female,<30,Yes,14,No
107068,Female,30-50,No,3,Yes
107069,Male,>50,Yes,15,No
107070,Female,<30,No,2,No
107071,Female,>50,Yes,7,No
107072,Male,30-50,Yes,11,Yes
107073,Male,30-50,Yes,7,Yes
107074,Female,<30,Yes,5,Yes
107075,Female,>50,Yes,12,Yes
107076,Male,>50,Yes,14,No
107077,Female,30-50,No,6,No
107078,Male,>50,Yes,5,No
107079,Female,30-50,Yes,15,No
107080,Male,<30,Yes,9,No
107081,Female,<30,Yes,13,No
107082,Male,>50,No,6,No
107083,Female,>50,Yes,15,Yes
107084,Female,30-50,No,2,No
107085,Female,>50,No,4,No
107086,Female,<30,Yes,5,No
107087,Female,30-50,Yes,9,Yes
107088,Female,>50,Yes,13,No
107089,Male,30-50,Yes,9,Yes
107090,Female,30-50,No,4,No
107091,Female,<30,Yes,13,No
107092,Male,30-50,No,7,No
107093,Male,30-50,Yes,7,No
107094,Female,30-50,Yes,12,Yes
107095,Male,30-50,Yes,14,No
107096,Female,30-50,No,2,No
107097,Female,30-50,Yes,13,No
107098,Female,>50,Yes,14,Yes
107099,Female,<30,Yes,10,Yes
107100,Male,>50,No,5,No
107101,Female,30-50,No,7,Yes
107102,Female,30-50,No,4,Yes
107103,Female,<30,No,3,No
107104,Female,30-50,Yes,11,Yes
107105,Female,30-50,No,4,No
107106,Male,30-50,Yes,13,Yes
107107,Female,30-50,Yes,10,Yes
107108,Female,<30,No,6,No
107109,Male,30-50,No,7,Yes
107110,Female,30-50,No,7,No
107111,Male,>50,No,3,No
107112,Female,30-50,Yes,12,No
107113,Male,<30,Yes,14,No
107114,Female,<30,Yes,15,Yes
107115,Female,>50,No,3,Yes
107116,Female,30-50,No,6,Yes
107117,Female,30-50,No,6,No
107118,Male,<30,Yes,13,No
107119,Male,>50,Yes,14,Yes
107120,Male,<30,No,3,No
107121,Female,>50,Yes,13,No
107122,Female,>50,Yes,7,Yes
107123,Male,<30,Yes,5,Yes
107124,Female,30-50,No,4,No
107125,Male,30-50,Yes,8,Yes
107126,Male,<30,No,1,Yes
107127,Male,<30,Yes,5,Yes
107128,Male,30-50,Yes,7,No
107129,Male,>50,No,2,No
107130,Female,<30,Yes,9,Yes
107131,Male,30-50,Yes,9,No
107132,Female,<30,Yes,7,No
107133,Male,>50,Yes,14,No
107134,Male,>50,No,2,No
107135,Female,>50,Yes,12,Yes
107136,Female,<30,No,2,Yes
107137,Female,30-50,No,7,No
107138,Female,30-50,No,3,No
107139,Male,<30,Yes,8,No
107140,Male,30-50,Yes,13,No
107141,Female,<30,No,7,No
107142,Male,30-50,Yes,11,Yes
107143,Female,30-50,Yes,10,No
107144,Female,>50,Yes,9,Yes
107145,Female,<30,Yes,10,No
107146,Female,30-50,No,2,Yes
107147,Female,30-50,No,1,No
107148,Male,30-50,Yes,10,No
107149,Male,30-50,Yes,7,No
107150,Male,30-50,Yes,8,No
107151,Female,30-50,Yes,8,Yes
107152,Male,<30,No,2,No
107153,Male,>50,Yes,13,Yes
107154,Female,30-50,Yes,15,Yes
107155,Female,30-50,No,3,No
107156,Male,<30,No,7,No
107157,Male,30-50,Yes,9,No
107158,Female,30-50,Yes,10,Yes
107159,Female,>50,Yes,6,Yes
107160,Male,30-50,Yes,10,No
107161,Male,30-50,Yes,7,Yes
107162,Female,>50,Yes,6,Yes
107163,Female,30-50,No,1,No
107164,Female,<30,Yes,5,Yes
107165,Female,<30,Yes,15,No
107166,Male,<30,Yes,10,No
107167,Female,<30,Yes,14,Yes
107168,Male,30-50,Yes,12,No
107169,Male,30-50,Yes,15,No
107170,Female,30-50,No,4,Yes
107171,Male,30-50,No,7,Yes
107172,Female,30-50,Yes,13,Yes
107173,Male,30-50,Yes,14,Yes
107174,Female,<30,No,4,No
107175,Female,30-50,No,3,No
107176,Female,>50,Yes,6,Yes
107177,Female,>50,Yes,15,No
107178,Female,>50,Yes,8,No
107179,Female,<30,Yes,5,No
107180,Male,>50,No,3,No
107181,Female,30-50,Yes,8,Yes
107182,Female,>50,Yes,12,No
107183,Male,<30,Yes,9,No
107184,Male,<30,No,3,No
107185,Female,30-50,No,7,No
107186,Female,>50,No,7,No
107187,Female,<30,Yes,14,No
107188,Male,>50,Yes,13,Yes
107189,Female,<30,No,7,No
107190,Female,30-50,No,4,No
107191,Female,<30,No,6,No
107192,Female,>50,Yes,8,No
107193,Female,30-50,No,1,No
107194,Female,<30,Yes,11,No
107195,Male,30-50,Yes,12,No
107196,Female,30-50,No,2,Yes
107197,Male,30-50,Yes,5,Yes
107198,Female,<30,No,4,No
107199,Male,30-50,Yes,9,Yes
107200,Male,30-50,No,2,Yes
107201,Male,<30,No,2,No
107202,Female,30-50,No,3,Yes
107203,Female,>50,Yes,15,No
107204,Male,30-50,No,4,Yes
107205,Female,30-50,Yes,12,Yes
107206,Female,<30,No,1,No
107207,Female,<30,Yes,6,Yes
107208,Female,<30,Yes,11,Yes
107209,Male,30-50,No,5,Yes
107210,Male,30-50,Yes,6,No
107211,Female,>50,No,6,No
107212,Male,30-50,Yes,14,Yes
107213,Male,<30,No,4,No
107214,Female,<30,Yes,12,No
107215,Male,30-50,Yes,14,Yes
107216,Male,30-50,Yes,11,Yes
107217,Male,30-50,Yes,13,No
107218,Female,30-50,Yes,6,Yes
107219,Female,>50,Yes,9,Yes
107220,Male,>50,Yes,11,No
107221,Female,30-50,No,3,Yes
107222,Male,30-50,Yes,8,No
107223,Male,30-50,No,6,Yes
107224,Female,30-50,No,5,No
107225,Female,30-50,Yes,13,No
107226,Male,<30,No,7,No
107227,Male,30-50,Yes,6,Yes
107228,Male,>50,Yes,9,No
107229,Male,>50,Yes,12,No
107230,Female,30-50,Yes,5,No
107231,Female,30-50,Yes,10,Yes
107232,Male,>50,No,2,No
107233,Female,>50,Yes,9,No
107234,Male,30-50,Yes,7,Yes
107235,Female,30-50,No,6,No
107236,Male,>50,No,3,Yes
107237,Male,<30,Yes,9,No
107238,Male,>50,Yes,8,No
107239,Female,30-50,No,3,No
107240,Male,30-50,No,1,Yes
107241,Female,30-50,No,1,No
107242,Female,30-50,Yes,14,No
107243,Female,30-50,Yes,5,No
107244,Male,>50,No,4,No
107245,Female,>50,Yes,10,Yes
107246,Male,<30,Yes,10,Yes
107247,Male,>50,No,3,No
107248,Female,30-50,No,5,No
107249,Female,>50,Yes,15,Yes
107250,Female,>50,Yes,15,No
107251,Male,30-50,No,7,No
107252,Female,<30,Yes,8,No
107253,Male,30-50,Yes,15,Yes
107254,Female,<30,No,2,Yes
107255,Male,>50,Yes,10,No
107256,Female,30-50,Yes,14,No
107257,Female,30-50,Yes,13,Yes
107258,Female,>50,Yes,10,Yes
107259,Male,<30,Yes,8,Yes
107260,Female,30-50,Yes,5,No
107261,Female,30-50,No,3,No
107262,Female,<30,No,5,No
107263,Female,<30,Yes,10,No
107264,Female,30-50,No,4,Yes
107265,Female,>50,Yes,12,No
107266,Female,30-50,Yes,5,Yes
107267,Male,30-50,Yes,6,Yes
107268,Male,>50,Yes,8,No
107269,Female,>50,No,5,No
107270,Male,<30,No,7,No
107271,Male,>50,Yes,11,No
107272,Female,<30,Yes,6,No
107273,Male,30-50,Yes,9,No
107274,Female,<30,Yes,10,No
107275,Female,30-50,Yes,9,Yes
107276,Female,30-50,No,5,No
107277,Male,>50,Yes,11,Yes
107278,Male,30-50,Yes,12,No
107279,Female,>50,Yes,13,No
107280,Male,<30,No,1,No
107281,Female,30-50,Yes,9,Yes
107282,Female,30-50,Yes,5,Yes
107283,Female,30-50,Yes,11,No
107284,Female,>50,Yes,8,No
107285,Female,30-50,Yes,9,No
107286,Male,<30,No,5,No
107287,Female,>50,Yes,8,Yes
107288,Female,30-50,No,2,No
107289,Female,30-50,Yes,10,Yes
107290,Male,30-50,Yes,6,No
107291,Female,<30,Yes,11,Yes
107292,Male,>50,Yes,6,Yes
107293,Female,30-50,No,4,No
107294,Male,30-50,No,3,No
107295,Male,<30,Yes,5,Yes
107296,Female,30-50,No,3,No
107297,Female,>50,Yes,11,No
107298,Male,30-50,No,2,No
107299,Male,<30,Yes,15,Yes
107300,Female,>50,Yes,13,No
107301,Male,<30,Yes,11,Yes
107302,Female,30-50,Yes,6,Yes
107303,Female,30-50,Yes,7,Yes
107304,Female,>50,Yes,10,Yes
107305,Male,<30,Yes,14,No
107306,Male,<30,No,1,No
107307,Male,<30,Yes,8,Yes
107308,Male,30-50,No,4,No
107309,Male,30-50,No,7,No
107310,Female,30-50,Yes,14,Yes
107311,Male,<30,Yes,12,No
107312,Male,>50,Yes,12,Yes
107313,Female,30-50,Yes,13,Yes
107314,Male,30-50,No,6,No
107315,Male,<30,No,5,No
107316,Male,>50,Yes,11,Yes
107317,Male,30-50,No,4,Yes
107318,Male,<30,Yes,6,No
107319,Male,>50,Yes,7,No
107320,Female,30-50,No,7,Yes
107321,Male,30-50,Yes,15,Yes
107322,Male,>50,No,4,No
107323,Female,>50,Yes,10,No
107324,Female,30-50,No,3,No
107325,Female,30-50,Yes,12,Yes
107326,Male,<30,Yes,12,Yes
107327,Female,>50,Yes,8,No
107328,Female,<30,Yes,5,No
107329,Male,>50,Yes,13,No
107330,Male,30-50,Yes,12,No
107331,Male,30-50,Yes,9,No
107332,Female,<30,Yes,9,Yes
107333,Female,<30,Yes,8,Yes
107334,Female,30-50,No,2,No
107335,Female,>50,Yes,12,No
107336,Female,30-50,Yes,8,Yes
107337,Male,>50,Yes,7,Yes
107338,Female,>50,No,1,No
107339,Male,>50,No,2,No
107340,Female,30-50,No,4,No
107341,Female,<30,Yes,5,No
107342,Male,30-50,No,6,No
107343,Female,30-50,Yes,11,Yes
107344,Male,>50,No,3,No
107345,Female,>50,No,4,No
107346,Male,<30,Yes,15,No
107347,Female,30-50,Yes,7,No
107348,Male,<30,Yes,15,No
107349,Female,>50,Yes,10,No
107350,Female,>50,No,1,No
107351,Male,>50,Yes,9,No
107352,Male,>50,No,7,Yes
107353,Female,30-50,No,6,No
107354,Male,30-50,No,4,No
107355,Female,30-50,Yes,11,Yes
107356,Male,30-50,Yes,9,No
107357,Male,>50,Yes,9,No
107358,Female,30-50,Yes,5,Yes
107359,Male,>50,No,4,No
107360,Female,<30,Yes,14,Yes
107361,Female,30-50,Yes,13,Yes
107362,Male,>50,Yes,5,No
107363,Male,>50,No,1,No
107364,Female,30-50,Yes,11,No
107365,Female,<30,Yes,14,Yes
107366,Female,<30,No,3,No
107367,Female,<30,No,4,No
107368,Female,<30,Yes,14,Yes
107369,Female,30-50,Yes,7,Yes
107370,Male,30-50,Yes,13,No
107371,Female,<30,No,4,No
107372,Female,30-50,No,2,No
107373,Female,30-50,Yes,15,Yes
107374,Male,<30,Yes,9,No
107375,Female,>50,Yes,15,Yes
107376,Female,>50,No,5,Yes
107377,Female,30-50,Yes,6,Yes
107378,Female,30-50,No,5,No
107379,Female,>50,Yes,10,No
107380,Male,<30,No,4,No
107381,Female,30-50,Yes,12,No
107382,Female,30-50,Yes,7,No
107383,Female,30-50,Yes,10,Yes
107384,Female,>50,Yes,15,Yes
107385,Female,30-50,Yes,9,No
107386,Female,30-50,No,5,No
107387,Male,30-50,Yes,6,No
107388,Female,30-50,Yes,10,No
107389,Female,>50,Yes,7,No
107390,Male,>50,No,7,No
107391,Male,<30,Yes,7,No
107392,Male,30-50,Yes,12,Yes
107393,Female,<30,Yes,14,No
107394,Female,30-50,Yes,5,Yes
107395,Male,30-50,Yes,5,No
107396,Male,<30,Yes,12,No
107397,Female,30-50,Yes,12,Yes
107398,Female,30-50,Yes,5,Yes
107399,Female,>50,Yes,9,No
107400,Male,>50,Yes,11,Yes
107401,Female,30-50,No,4,No
107402,Male,<30,Yes,15,No
107403,Female,>50,No,5,No
107404,Female,30-50,Yes,14,Yes
107405,Female,>50,Yes,7,Yes
107406,Male,30-50,Yes,15,No
107407,Female,30-50,Yes,15,No
107408,Male,<30,Yes,11,No
107409,Female,30-50,Yes,10,No
107410,Female,<30,No,5,No
107411,Female,30-50,Yes,13,No
107412,Male,30-50,No,3,No
107413,Male,30-50,No,4,No
107414,Male,30-50,No,1,No
107415,Female,>50,Yes,5,Yes
107416,Female,30-50,Yes,15,Yes
107417,Male,<30,Yes,11,No
107418,Female,30-50,No,7,No
107419,Male,>50,Yes,13,No
107420,Male,<30,No,2,No
107421,Male,>50,Yes,8,No
107422,Male,<30,Yes,11,No
107423,Female,>50,No,6,Yes
107424,Female,<30,Yes,15,Yes
107425,Male,>50,No,3,No
107426,Male,>50,No,1,No
107427,Male,30-50,No,4,Yes
107428,Male,30-50,Yes,13,No
107429,Female,>50,Yes,14,No
107430,Female,30-50,Yes,14,Yes
107431,Male,<30,No,5,Yes
107432,Male,30-50,No,1,Yes
107433,Male,<30,Yes,6,No
107434,Female,<30,No,7,No
107435,Female,>50,No,6,No
107436,Female,30-50,Yes,15,Yes
107437,Female,>50,Yes,12,No
107438,Male,30-50,Yes,7,Yes
107439,Female,30-50,No,7,No
107440,Male,30-50,Yes,14,Yes
107441,Male,30-50,Yes,6,No
107442,Female,30-50,No,1,No
107443,Male,30-50,Yes,7,Yes
107444,Female,30-50,Yes,9,Yes
107445,Male,<30,No,5,No
107446,Female,<30,Yes,14,No
107447,Female,<30,Yes,11,Yes
107448,Female,>50,Yes,8,No
107449,Male,30-50,No,1,Yes
107450,Male,30-50,Yes,6,Yes
107451,Female,<30,No,2,Yes
107452,Female,<30,Yes,14,Yes
107453,Female,30-50,Yes,13,No
107454,Female,<30,Yes,15,Yes
107455,Male,30-50,No,4,No
107456,Male,30-50,Yes,12,No
107457,Female,<30,Yes,12,Yes
107458,Female,30-50,Yes,10,Yes
107459,Female,<30,No,4,No
107460,Female,30-50,No,1,Yes
107461,Male,>50,Yes,11,Yes
107462,Female,30-50,No,5,Yes
107463,Male,>50,No,5,No
107464,Female,>50,Yes,5,Yes
107465,Male,<30,Yes,7,No
107466,Male,<30,No,7,No
107467,Male,>50,No,6,No
107468,Female,<30,Yes,13,Yes
107469,Male,>50,No,6,No
107470,Male,30-50,Yes,14,Yes
107471,Male,30-50,Yes,9,No
107472,Male,<30,Yes,7,No
107473,Male,30-50,Yes,12,Yes
107474,Female,30-50,No,3,No
107475,Female,30-50,Yes,13,Yes
107476,Female,<30,No,6,No
107477,Male,>50,No,3,No
107478,Female,30-50,Yes,11,Yes
107479,Male,30-50,Yes,10,No
107480,Female,<30,Yes,8,Yes
107481,Female,>50,No,4,No
107482,Male,<30,Yes,5,No
107483,Female,<30,Yes,6,No
107484,Female,30-50,No,3,No
107485,Male,>50,No,1,No
107486,Female,30-50,Yes,13,No
107487,Female,30-50,Yes,12,No
107488,Female,<30,Yes,8,No
107489,Female,<30,Yes,14,No
107490,Female,30-50,Yes,13,Yes
107491,Female,>50,Yes,14,Yes
107492,Female,>50,Yes,14,No
107493,Female,>50,Yes,9,Yes
107494,Female,>50,No,5,No
107495,Male,>50,Yes,12,No
107496,Male,30-50,No,2,No
107497,Female,<30,Yes,8,No
107498,Female,<30,No,5,Yes
107499,Female,>50,No,3,No
107500,Female,30-50,Yes,10,No
107501,Female,>50,No,4,No
107502,Female,30-50,Yes,12,Yes
107503,Female,<30,No,5,Yes
107504,Female,30-50,Yes,15,No
107505,Male,>50,Yes,12,Yes
107506,Male,>50,Yes,7,No
107507,Female,30-50,Yes,5,Yes
107508,Male,<30,Yes,6,Yes
107509,Male,30-50,Yes,7,No
107510,Male,30-50,Yes,13,Yes
107511,Female,>50,Yes,15,No
107512,Male,30-50,Yes,5,Yes
107513,Male,>50,Yes,5,No
107514,Female,30-50,Yes,12,No
107515,Female,30-50,Yes,6,Yes
107516,Female,30-50,Yes,7,Yes
107517,Male,30-50,Yes,8,No
107518,Male,<30,No,5,No
107519,Female,<30,Yes,6,No
107520,Male,<30,Yes,9,Yes
107521,Female,<30,No,3,No
107522,Female,30-50,Yes,9,Yes
107523,Female,30-50,No,7,No
107524,Female,30-50,Yes,11,No
107525,Male,30-50,Yes,15,No
107526,Female,>50,Yes,7,Yes
107527,Female,30-50,Yes,10,Yes
107528,Male,>50,No,6,Yes
107529,Female,>50,Yes,5,No
107530,Female,30-50,No,7,No
107531,Female,30-50,Yes,11,No
107532,Female,30-50,Yes,13,No
107533,Female,>50,No,2,No
107534,Female,>50,Yes,6,No
107535,Male,30-50,Yes,7,No
107536,Female,30-50,No,6,No
107537,Female,30-50,Yes,13,Yes
107538,Male,30-50,Yes,9,No
107539,Female,30-50,Yes,5,No
107540,Male,<30,Yes,11,Yes
107541,Male,30-50,No,5,No
107542,Male,<30,Yes,5,No
107543,Female,<30,Yes,6,No
107544,Male,<30,Yes,7,No
107545,Male,30-50,No,3,No
107546,Female,>50,Yes,9,Yes
107547,Female,<30,Yes,7,No
107548,Female,30-50,Yes,15,No
107549,Male,30-50,Yes,11,No
107550,Female,>50,No,2,No
107551,Male,<30,No,6,No
107552,Female,30-50,Yes,12,Yes
107553,Female,<30,No,7,No
107554,Female,30-50,Yes,12,Yes
107555,Female,<30,Yes,13,Yes
107556,Female,<30,Yes,9,Yes
107557,Male,<30,Yes,11,No
107558,Female,30-50,Yes,5,Yes
107559,Female,30-50,Yes,6,No
107560,Male,<30,No,5,Yes
107561,Female,30-50,No,1,Yes
107562,Female,>50,Yes,15,Yes
107563,Male,<30,Yes,9,No
107564,Male,>50,No,7,Yes
107565,Female,30-50,Yes,7,No
107566,Female,>50,Yes,9,Yes
107567,Female,<30,No,6,No
107568,Female,<30,No,6,No
107569,Female,<30,Yes,13,Yes
107570,Female,<30,No,1,No
107571,Female,>50,Yes,7,No
107572,Male,<30,No,7,No
107573,Female,<30,Yes,13,Yes
107574,Male,30-50,Yes,5,No
107575,Male,<30,Yes,13,Yes
107576,Female,<30,No,3,No
107577,Female,30-50,Yes,10,No
107578,Male,30-50,No,7,Yes
107579,Female,30-50,Yes,9,Yes
107580,Female,<30,No,7,No
107581,Male,<30,No,4,No
107582,Female,30-50,No,2,No
107583,Female,30-50,Yes,13,No
107584,Female,30-50,No,3,Yes
107585,Female,<30,No,6,No
107586,Female,30-50,No,4,No
107587,Female,30-50,No,6,Yes
107588,Male,30-50,No,5,No
107589,Male,30-50,No,1,Yes
107590,Female,30-50,Yes,13,Yes
107591,Female,30-50,No,2,No
107592,Female,>50,Yes,14,Yes
107593,Female,30-50,Yes,7,Yes
107594,Male,30-50,Yes,13,No
107595,Male,>50,Yes,9,No
107596,Female,30-50,Yes,8,No
107597,Female,<30,Yes,5,No
107598,Female,30-50,Yes,9,Yes
107599,Male,<30,Yes,7,Yes
107600,Female,>50,Yes,5,No
107601,Female,>50,No,4,No
107602,Female,30-50,Yes,12,Yes
107603,Female,>50,No,6,No
107604,Female,30-50,No,4,No
107605,Male,<30,No,7,No
107606,Female,30-50,Yes,15,Yes
107607,Female,<30,Yes,9,Yes
107608,Male,30-50,Yes,6,Yes
107609,Male,<30,No,2,No
107610,Male,>50,No,7,No
107611,Female,<30,Yes,6,No
107612,Male,>50,No,1,No
107613,Female,30-50,Yes,10,No
107614,Female,>50,Yes,7,No
107615,Male,30-50,Yes,15,No
107616,Female,>50,Yes,7,Yes
107617,Male,30-50,Yes,9,Yes
107618,Male,<30,Yes,12,Yes
107619,Male,<30,Yes,8,Yes
107620,Female,<30,Yes,8,Yes
107621,Male,30-50,Yes,12,No
107622,Male,30-50,Yes,12,No
107623,Female,>50,No,3,No
107624,Male,30-50,Yes,13,Yes
107625,Male,30-50,Yes,13,Yes
107626,Male,<30,Yes,13,Yes
107627,Male,>50,Yes,9,Yes
107628,Male,30-50,Yes,6,Yes
107629,Female,<30,Yes,14,No
107630,Female,30-50,Yes,12,No
107631,Female,30-50,Yes,5,No
107632,Female,30-50,Yes,6,Yes
107633,Male,30-50,No,4,Yes
107634,Female,30-50,Yes,5,Yes
107635,Male,<30,No,7,No
107636,Female,<30,Yes,5,No
107637,Female,<30,Yes,14,No
107638,Female,30-50,Yes,6,Yes
107639,Female,>50,No,4,No
107640,Female,<30,No,3,Yes
107641,Female,<30,No,1,No
107642,Female,<30,No,4,Yes
107643,Male,30-50,No,4,No
107644,Male,>50,No,3,No
107645,Male,>50,Yes,12,Yes
107646,Female,30-50,No,6,Yes
107647,Female,30-50,No,2,No
107648,Female,30-50,No,7,No
107649,Male,<30,Yes,13,No
107650,Male,>50,Yes,14,No
107651,Female,<30,Yes,10,Yes
107652,Male,<30,Yes,9,No
107653,Male,30-50,Yes,9,Yes
107654,Female,>50,No,1,No
107655,Male,>50,Yes,9,No
107656,Female,30-50,No,7,Yes
107657,Male,<30,Yes,6,Yes
107658,Female,30-50,Yes,11,Yes
107659,Male,30-50,No,7,No
107660,Male,>50,No,6,No
107661,Female,30-50,Yes,13,No
107662,Male,<30,Yes,14,No
107663,Male,30-50,Yes,14,No
107664,Female,<30,Yes,5,No
107665,Female,30-50,Yes,5,Yes
107666,Male,30-50,Yes,13,No
107667,Male,<30,Yes,12,Yes
107668,Female,30-50,No,1,No
107669,Female,>50,Yes,10,Yes
107670,Female,<30,Yes,14,No
107671,Female,<30,Yes,9,No
107672,Female,>50,Yes,11,Yes
107673,Female,>50,Yes,6,No
107674,Male,30-50,No,4,Yes
107675,Female,>50,Yes,7,No
107676,Male,>50,No,5,No
107677,Female,30-50,Yes,11,Yes
107678,Female,30-50,Yes,14,Yes
107679,Male,30-50,Yes,8,No
107680,Male,30-50,No,2,No
107681,Female,<30,No,5,Yes
107682,Female,30-50,No,7,Yes
107683,Female,30-50,Yes,15,Yes
107684,Male,30-50,Yes,11,Yes
107685,Male,<30,Yes,15,No
107686,Male,<30,Yes,11,Yes
107687,Female,>50,No,3,No
107688,Female,<30,No,4,No
107689,Female,>50,Yes,5,Yes
107690,Female,30-50,Yes,7,No
107691,Female,>50,Yes,15,No
107692,Female,>50,No,1,No
107693,Male,<30,Yes,6,Yes
107694,Female,30-50,No,2,Yes
107695,Female,30-50,Yes,5,Yes
107696,Female,30-50,Yes,9,Yes
107697,Female,30-50,Yes,5,No
107698,Female,<30,No,2,No
107699,Female,>50,No,3,No
107700,Female,30-50,Yes,13,No
107701,Female,<30,Yes,9,Yes
107702,Female,30-50,Yes,8,Yes
107703,Male,<30,Yes,11,No
107704,Female,30-50,No,2,No
107705,Male,>50,Yes,6,No
107706,Female,30-50,Yes,10,No
107707,Female,>50,Yes,7,No
107708,Female,30-50,Yes,12,Yes
107709,Female,<30,Yes,8,Yes
107710,Male,>50,Yes,15,No
107711,Female,<30,No,6,No
107712,Female,30-50,No,4,Yes
107713,Female,>50,Yes,14,Yes
107714,Female,>50,Yes,12,Yes
107715,Male,>50,Yes,5,No
107716,Female,>50,No,1,No
107717,Male,<30,Yes,7,No
107718,Female,30-50,Yes,5,Yes
107719,Male,>50,Yes,15,No
107720,Male,30-50,Yes,12,Yes
107721,Female,30-50,No,6,Yes
107722,Male,30-50,Yes,8,Yes
107723,Female,30-50,Yes,12,No
107724,Male,<30,Yes,12,No
107725,Female,<30,Yes,8,No
107726,Female,30-50,No,1,No
107727,Female,30-50,Yes,13,No
107728,Female,30-50,No,1,No
107729,Male,30-50,Yes,15,Yes
107730,Female,>50,Yes,5,No
107731,Female,<30,No,5,No
107732,Male,30-50,Yes,15,No
107733,Male,<30,No,2,No
107734,Male,30-50,Yes,15,No
107735,Female,30-50,Yes,9,No
107736,Female,>50,Yes,6,Yes
107737,Female,<30,Yes,7,Yes
107738,Male,30-50,Yes,12,Yes
107739,Female,<30,No,5,No
107740,Female,30-50,Yes,12,Yes
107741,Male,>50,Yes,10,No
107742,Female,<30,Yes,11,No
107743,Female,30-50,No,5,Yes
107744,Male,>50,Yes,6,Yes
107745,Female,<30,No,7,No
107746,Male,30-50,Yes,14,Yes
107747,Female,30-50,Yes,15,Yes
107748,Female,30-50,Yes,7,No
107749,Female,>50,Yes,13,No
107750,Female,>50,Yes,8,Yes
107751,Male,30-50,Yes,13,No
107752,Male,30-50,Yes,8,Yes
107753,Male,30-50,No,4,No
107754,Female,30-50,Yes,8,Yes
107755,Female,<30,Yes,13,No
107756,Female,30-50,Yes,11,No
107757,Female,<30,Yes,15,Yes
107758,Male,<30,No,3,Yes
107759,Female,30-50,Yes,6,No
107760,Male,30-50,Yes,9,No
107761,Male,30-50,No,3,No
107762,Male,30-50,No,3,No
107763,Female,<30,No,3,No
107764,Male,30-50,Yes,6,No
107765,Female,30-50,Yes,10,Yes
107766,Female,30-50,No,7,Yes
107767,Female,<30,Yes,14,No
107768,Male,<30,Yes,13,No
107769,Female,<30,Yes,7,No
107770,Male,>50,Yes,15,Yes
107771,Male,<30,Yes,6,No
107772,Female,30-50,Yes,5,No
107773,Male,>50,Yes,5,Yes
107774,Male,30-50,Yes,9,Yes
107775,Male,>50,No,7,No
107776,Male,30-50,No,3,No
107777,Male,30-50,No,1,No
107778,Female,30-50,No,1,No
107779,Female,<30,No,2,No
107780,Female,>50,Yes,10,No
107781,Female,30-50,Yes,15,No
107782,Male,30-50,Yes,11,No
107783,Female,30-50,No,2,No
107784,Male,30-50,Yes,11,Yes
107785,Female,<30,No,4,No
107786,Female,30-50,Yes,14,Yes
107787,Male,>50,Yes,6,Yes
107788,Male,<30,Yes,9,Yes
107789,Male,30-50,Yes,13,Yes
107790,Male,30-50,No,1,No
107791,Female,30-50,Yes,15,Yes
107792,Female,30-50,No,3,No
107793,Female,<30,No,2,No
107794,Male,<30,Yes,11,Yes
107795,Male,30-50,No,5,No
107796,Female,>50,Yes,9,No
107797,Female,30-50,No,6,Yes
107798,Female,30-50,No,1,Yes
107799,Male,30-50,Yes,10,No
107800,Female,30-50,No,4,No
107801,Female,<30,No,3,No
107802,Female,30-50,No,4,Yes
107803,Female,>50,Yes,14,Yes
107804,Male,<30,Yes,6,No
107805,Female,>50,Yes,12,Yes
107806,Female,>50,Yes,9,No
107807,Female,<30,No,2,No
107808,Female,30-50,No,2,No
107809,Male,30-50,Yes,12,Yes
107810,Female,30-50,Yes,5,No
107811,Male,<30,No,2,No
107812,Female,30-50,Yes,11,Yes
107813,Female,<30,Yes,9,Yes
107814,Male,>50,Yes,13,Yes
107815,Male,<30,No,4,No
107816,Female,>50,No,4,No
107817,Male,>50,No,7,Yes
107818,Female,>50,Yes,11,Yes
107819,Female,30-50,Yes,7,Yes
107820,Male,>50,No,1,No
107821,Female,30-50,Yes,7,Yes
107822,Male,>50,Yes,6,Yes
107823,Female,30-50,No,7,No
107824,Male,<30,No,1,No
107825,Female,>50,Yes,9,Yes
107826,Male,30-50,Yes,11,No
107827,Male,30-50,No,3,No
107828,Female,<30,Yes,9,No
107829,Male,30-50,Yes,14,No
107830,Male,<30,No,3,No
107831,Female,<30,Yes,13,Yes
107832,Female,30-50,Yes,10,Yes
107833,Male,30-50,Yes,14,No
107834,Male,>50,No,5,Yes
107835,Male,<30,Yes,11,No
107836,Male,30-50,No,1,No
107837,Female,>50,Yes,7,No
107838,Male,30-50,No,2,No
107839,Male,30-50,Yes,7,No
107840,Female,>50,Yes,8,No
107841,Female,>50,Yes,5,No
107842,Male,30-50,Yes,14,No
107843,Female,>50,Yes,5,No
107844,Male,>50,Yes,11,No
107845,Male,>50,No,4,No
107846,Male,30-50,Yes,13,No
107847,Male,>50,No,5,No
107848,Female,<30,No,6,No
107849,Male,30-50,No,4,Yes
107850,Male,>50,Yes,12,Yes
107851,Female,>50,No,5,No
107852,Female,30-50,No,1,Yes
107853,Male,30-50,No,2,No
107854,Female,<30,Yes,11,Yes
107855,Male,<30,Yes,14,No
107856,Female,>50,No,2,No
107857,Male,30-50,Yes,8,Yes
107858,Female,30-50,Yes,9,Yes
107859,Male,30-50,No,7,No
107860,Male,>50,No,4,No
107861,Male,<30,Yes,6,Yes
107862,Male,30-50,Yes,14,Yes
107863,Female,<30,Yes,6,No
107864,Female,<30,Yes,14,Yes
107865,Female,>50,No,3,No
107866,Female,<30,Yes,10,Yes
107867,Female,<30,Yes,15,No
107868,Female,30-50,Yes,15,Yes
107869,Female,30-50,No,6,No
107870,Female,<30,Yes,13,Yes
107871,Male,30-50,Yes,10,Yes
107872,Female,>50,No,6,Yes
107873,Male,<30,Yes,8,No
107874,Male,30-50,Yes,15,No
107875,Female,<30,No,6,No
107876,Female,<30,No,7,No
107877,Male,30-50,Yes,14,Yes
107878,Female,30-50,No,4,No
107879,Female,<30,Yes,7,Yes
107880,Female,30-50,No,5,Yes
107881,Male,>50,No,5,Yes
107882,Female,<30,No,6,No
107883,Male,>50,Yes,7,No
107884,Male,>50,Yes,15,Yes
107885,Female,<30,Yes,11,No
107886,Female,30-50,No,7,No
107887,Female,<30,Yes,11,No
107888,Female,30-50,No,5,No
107889,Female,>50,Yes,15,No
107890,Female,>50,No,2,No
107891,Male,30-50,Yes,15,Yes
107892,Male,<30,Yes,5,No
107893,Female,>50,Yes,13,Yes
107894,Male,<30,Yes,15,No
107895,Female,30-50,No,1,No
107896,Female,<30,Yes,10,Yes
107897,Male,>50,No,3,No
107898,Female,30-50,No,2,No
107899,Female,>50,No,5,Yes
107900,Female,30-50,Yes,13,No
107901,Male,>50,Yes,14,Yes
107902,Male,30-50,Yes,8,Yes
107903,Female,<30,No,2,No
107904,Male,30-50,Yes,8,No
107905,Female,<30,Yes,8,No
107906,Male,<30,Yes,9,No
107907,Female,30-50,Yes,13,No
107908,Male,30-50,No,3,No
107909,Female,>50,Yes,13,Yes
107910,Male,30-50,Yes,11,No
107911,Female,<30,Yes,12,Yes
107912,Male,30-50,No,5,No
107913,Female,30-50,Yes,10,Yes
107914,Male,>50,Yes,13,No
107915,Female,>50,Yes,6,Yes
107916,Female,30-50,Yes,6,No
107917,Male,>50,Yes,11,Yes
107918,Male,<30,Yes,13,Yes
107919,Male,30-50,Yes,13,Yes
107920,Male,30-50,Yes,11,Yes
107921,Female,30-50,No,7,Yes
107922,Male,>50,Yes,10,Yes
107923,Female,<30,Yes,15,Yes
107924,Female,30-50,Yes,6,Yes
107925,Female,30-50,Yes,14,Yes
107926,Female,<30,Yes,7,Yes
107927,Female,>50,Yes,11,Yes
107928,Male,30-50,Yes,11,Yes
107929,Female,>50,Yes,10,Yes
107930,Female,30-50,Yes,12,Yes
107931,Male,30-50,No,4,No
107932,Female,30-50,Yes,13,No
107933,Female,30-50,Yes,10,Yes
107934,Female,30-50,Yes,11,Yes
107935,Male,30-50,Yes,13,Yes
107936,Female,<30,No,6,No
107937,Female,30-50,Yes,14,Yes
107938,Female,30-50,No,3,No
107939,Male,>50,Yes,10,Yes
107940,Female,<30,Yes,11,Yes
107941,Female,30-50,Yes,9,Yes
107942,Female,30-50,Yes,8,Yes
107943,Male,30-50,Yes,15,Yes
107944,Male,>50,Yes,14,No
107945,Female,30-50,No,4,No
107946,Male,>50,Yes,13,No
107947,Female,30-50,Yes,5,No
107948,Male,30-50,No,4,No
107949,Male,30-50,Yes,6,No
107950,Female,30-50,No,5,No
107951,Female,<30,No,1,No
107952,Female,>50,No,5,No
107953,Female,30-50,Yes,6,Yes
107954,Female,<30,Yes,9,No
107955,Male,30-50,Yes,15,Yes
107956,Male,30-50,Yes,15,No
107957,Female,>50,Yes,14,No
107958,Female,30-50,No,3,No
107959,Female,30-50,No,2,Yes
107960,Male,<30,Yes,10,No
107961,Male,>50,No,3,No
107962,Male,30-50,No,4,No
107963,Female,30-50,Yes,15,No
107964,Female,30-50,Yes,13,Yes
107965,Female,>50,Yes,11,No
107966,Male,30-50,Yes,11,No
107967,Female,30-50,Yes,8,Yes
107968,Female,30-50,No,4,No
107969,Female,>50,Yes,15,No
107970,Female,30-50,Yes,9,Yes
107971,Female,>50,No,4,Yes
107972,Male,30-50,No,4,Yes
107973,Female,30-50,No,4,No
107974,Female,<30,Yes,12,No
107975,Male,30-50,Yes,6,Yes
107976,Male,30-50,Yes,5,No
107977,Female,30-50,No,4,No
107978,Female,30-50,No,2,No
107979,Male,<30,Yes,5,Yes
107980,Female,<30,No,3,Yes
107981,Female,<30,No,6,No
107982,Female,>50,Yes,12,No
107983,Male,>50,Yes,13,No
107984,Female,<30,No,3,No
107985,Female,>50,Yes,8,No
107986,Male,<30,Yes,14,Yes
107987,Female,30-50,Yes,11,Yes
107988,Female,30-50,Yes,12,No
107989,Male,30-50,Yes,11,No
107990,Female,<30,Yes,7,No
107991,Male,<30,Yes,13,Yes
107992,Female,30-50,Yes,10,Yes
107993,Male,<30,Yes,14,Yes
107994,Female,<30,No,7,No
107995,Female,30-50,Yes,11,Yes
107996,Male,30-50,No,3,Yes
107997,Female,30-50,No,1,No
107998,Female,30-50,Yes,6,No
107999,Female,30-50,No,3,No
108000,Female,30-50,Yes,8,No
108001,Male,30-50,Yes,8,No
108002,Female,<30,Yes,8,No
108003,Female,30-50,Yes,15,Yes
108004,Female,30-50,Yes,6,No
108005,Male,30-50,No,7,No
108006,Male,<30,Yes,6,No
108007,Male,>50,Yes,15,No
108008,Male,<30,Yes,15,No
108009,Male,30-50,Yes,12,No
108010,Female,30-50,Yes,7,No
108011,Male,30-50,Yes,15,Yes
108012,Female,<30,No,1,No
108013,Female,>50,Yes,9,Yes
108014,Female,<30,No,7,No
108015,Male,30-50,No,3,No
108016,Male,>50,Yes,13,No
108017,Female,>50,No,4,No
108018,Male,>50,Yes,12,No
108019,Female,30-50,Yes,10,Yes
108020,Male,<30,Yes,9,Yes
108021,Female,30-50,Yes,14,Yes
108022,Male,30-50,Yes,12,Yes
108023,Male,>50,Yes,5,No
108024,Male,30-50,No,6,Yes
108025,Male,>50,Yes,13,No
108026,Male,30-50,Yes,6,No
108027,Female,30-50,No,1,No
108028,Female,30-50,Yes,13,Yes
108029,Female,<30,Yes,6,Yes
108030,Male,<30,No,2,No
108031,Female,30-50,Yes,12,No
108032,Female,30-50,Yes,9,No
108033,Female,>50,No,1,No
108034,Male,<30,Yes,8,No
108035,Female,<30,Yes,10,No
108036,Female,>50,No,4,No
108037,Male,<30,No,4,No
108038,Male,<30,No,7,No
108039,Female,30-50,Yes,5,No
108040,Female,<30,No,4,No
108041,Male,30-50,Yes,12,Yes
108042,Female,30-50,Yes,15,No
108043,Female,30-50,No,4,No
108044,Male,30-50,Yes,9,No
108045,Female,>50,Yes,10,No
108046,Female,<30,Yes,10,No
108047,Male,<30,Yes,10,No
108048,Female,>50,Yes,5,Yes
108049,Female,30-50,No,1,No
108050,Female,<30,No,1,No
108051,Male,>50,Yes,11,No
108052,Female,<30,No,2,No
108053,Female,>50,Yes,9,Yes
108054,Female,>50,No,6,No
108055,Female,>50,Yes,11,No
108056,Female,30-50,No,2,No
108057,Male,30-50,Yes,8,No
108058,Female,30-50,Yes,7,No
108059,Female,<30,No,1,No
108060,Female,30-50,Yes,5,Yes
108061,Female,30-50,Yes,10,Yes
108062,Male,30-50,Yes,14,No
108063,Female,30-50,Yes,13,Yes
108064,Female,30-50,No,4,No
108065,Female,30-50,Yes,13,No
108066,Female,<30,Yes,9,No
108067,Male,>50,No,3,No
108068,Male,30-50,Yes,12,No
108069,Female,30-50,Yes,9,Yes
108070,Female,>50,Yes,8,No
108071,Female,<30,Yes,6,Yes
108072,Female,30-50,No,7,No
108073,Female,<30,Yes,12,No
108074,Female,30-50,No,7,No
108075,Female,30-50,Yes,6,Yes
108076,Male,30-50,No,5,Yes
108077,Female,<30,Yes,12,No
108078,Male,30-50,Yes,8,Yes
108079,Male,30-50,Yes,10,Yes
108080,Female,>50,No,3,Yes
108081,Female,30-50,Yes,7,Yes
108082,Female,>50,Yes,14,Yes
108083,Female,30-50,No,2,Yes
108084,Male,30-50,No,1,No
108085,Female,<30,No,2,No
108086,Female,30-50,No,2,No
108087,Male,>50,Yes,9,No
108088,Female,30-50,Yes,9,No
108089,Female,30-50,No,4,Yes
108090,Female,30-50,Yes,7,Yes
108091,Male,30-50,No,6,No
108092,Female,<30,Yes,6,No
108093,Male,30-50,Yes,12,Yes
108094,Male,<30,Yes,6,Yes
108095,Female,30-50,Yes,8,No
108096,Female,30-50,No,4,No
108097,Female,30-50,Yes,8,Yes
108098,Female,>50,Yes,11,No
108099,Male,30-50,Yes,15,No
108100,Male,>50,Yes,9,Yes
108101,Female,>50,No,2,No
108102,Female,>50,Yes,9,No
108103,Female,30-50,No,1,No
108104,Male,30-50,Yes,6,Yes
108105,Female,30-50,Yes,6,Yes
108106,Female,<30,No,2,No
108107,Male,30-50,No,7,No
108108,Female,30-50,Yes,6,No
108109,Female,30-50,Yes,7,Yes
108110,Male,30-50,Yes,5,Yes
108111,Female,30-50,Yes,15,Yes
108112,Female,>50,No,4,No
108113,Male,30-50,Yes,11,No
108114,Female,<30,No,2,No
108115,Male,<30,Yes,15,Yes
108116,Male,30-50,Yes,12,No
108117,Female,<30,Yes,11,No
108118,Female,30-50,No,3,No
108119,Male,30-50,No,2,No
108120,Male,30-50,Yes,12,Yes
108121,Male,<30,Yes,12,Yes
108122,Male,>50,Yes,7,No
108123,Female,>50,No,5,No
108124,Male,>50,Yes,8,Yes
108125,Female,30-50,Yes,10,Yes
108126,Male,30-50,Yes,6,Yes
108127,Female,<30,Yes,13,Yes
108128,Male,30-50,Yes,7,Yes
108129,Female,30-50,No,6,Yes
108130,Female,30-50,Yes,7,No
108131,Male,>50,No,4,No
108132,Female,<30,No,4,Yes
108133,Male,30-50,Yes,12,No
108134,Female,<30,Yes,5,No
108135,Male,30-50,Yes,5,Yes
108136,Female,>50,Yes,12,No
108137,Female,<30,Yes,9,Yes
108138,Male,>50,No,2,No
108139,Male,<30,Yes,15,No
108140,Female,30-50,Yes,13,Yes
108141,Female,30-50,Yes,5,Yes
108142,Female,<30,Yes,9,No
108143,Male,30-50,Yes,9,Yes
108144,Male,30-50,No,6,No
108145,Male,30-50,Yes,6,Yes
108146,Female,>50,Yes,13,No
108147,Male,30-50,Yes,5,Yes
108148,Female,30-50,No,1,No
108149,Male,>50,Yes,11,Yes
108150,Female,<30,Yes,9,Yes
108151,Female,<30,No,2,No
108152,Male,<30,Yes,15,No
108153,Male,<30,Yes,12,Yes
108154,Female,30-50,No,4,Yes
108155,Female,30-50,No,4,Yes
108156,Female,>50,No,3,No
108157,Female,<30,Yes,14,Yes
108158,Female,<30,Yes,8,Yes
108159,Male,<30,Yes,7,Yes
108160,Female,<30,Yes,13,Yes
108161,Male,30-50,Yes,12,No
108162,Female,<30,Yes,9,No
108163,Female,<30,Yes,7,No
108164,Female,30-50,Yes,10,Yes
108165,Female,30-50,Yes,12,No
108166,Male,<30,Yes,5,No
108167,Female,30-50,No,5,No
108168,Male,30-50,No,4,No
108169,Male,>50,Yes,12,Yes
108170,Male,<30,Yes,15,No
108171,Female,<30,No,7,No
108172,Male,>50,No,6,No
108173,Female,<30,Yes,11,Yes
108174,Female,30-50,Yes,6,Yes
108175,Female,30-50,No,1,No
108176,Female,30-50,Yes,5,Yes
108177,Male,<30,No,7,No
108178,Male,>50,No,1,No
108179,Male,30-50,No,5,Yes
108180,Female,<30,Yes,7,No
108181,Female,30-50,Yes,10,No
108182,Female,30-50,Yes,11,No
108183,Female,30-50,No,6,No
108184,Female,<30,Yes,13,No
108185,Female,>50,Yes,11,Yes
108186,Male,<30,No,1,No
108187,Female,30-50,No,6,No
108188,Male,30-50,No,6,No
108189,Male,<30,Yes,6,No
108190,Female,30-50,Yes,9,Yes
108191,Female,30-50,No,5,No
108192,Male,30-50,Yes,13,No
108193,Female,<30,Yes,13,Yes
108194,Female,<30,Yes,12,Yes
108195,Female,<30,Yes,6,No
108196,Female,30-50,Yes,6,Yes
108197,Female,30-50,Yes,14,No
108198,Male,30-50,Yes,11,Yes
108199,Female,30-50,No,1,No
108200,Female,30-50,Yes,5,Yes
108201,Female,30-50,Yes,6,No
108202,Female,<30,Yes,13,No
108203,Female,30-50,Yes,5,Yes
108204,Male,30-50,Yes,9,Yes
108205,Female,<30,Yes,14,No
108206,Male,30-50,Yes,12,No
108207,Female,>50,Yes,7,Yes
108208,Female,<30,No,7,No
108209,Female,30-50,Yes,15,Yes
108210,Male,>50,Yes,13,No
108211,Male,<30,Yes,7,Yes
108212,Female,<30,Yes,6,Yes
108213,Male,30-50,No,2,No
108214,Male,>50,Yes,5,Yes
108215,Male,30-50,Yes,10,No
108216,Female,30-50,Yes,13,Yes
108217,Female,<30,No,6,No
108218,Female,30-50,Yes,7,No
108219,Female,>50,Yes,14,Yes
108220,Female,>50,No,3,Yes
108221,Female,30-50,Yes,10,Yes
108222,Female,30-50,Yes,7,No
108223,Female,<30,No,3,No
108224,Female,30-50,No,5,No
108225,Female,30-50,Yes,12,No
108226,Female,30-50,No,3,No
108227,Male,30-50,Yes,5,No
108228,Male,>50,Yes,9,No
108229,Female,>50,Yes,9,No
108230,Female,>50,Yes,14,No
108231,Female,30-50,Yes,7,Yes
108232,Female,30-50,No,1,Yes
108233,Male,<30,No,4,No
108234,Male,>50,No,7,No
108235,Female,30-50,Yes,10,Yes
108236,Female,30-50,No,1,No
108237,Male,30-50,No,3,No
108238,Male,>50,Yes,15,No
108239,Female,30-50,No,4,No
108240,Female,>50,Yes,5,Yes
108241,Male,30-50,No,2,Yes
108242,Female,30-50,No,7,No
108243,Female,30-50,Yes,14,No
108244,Female,<30,No,2,No
108245,Female,<30,Yes,15,No
108246,Female,>50,Yes,7,No
108247,Male,30-50,No,5,Yes
108248,Female,30-50,No,2,No
108249,Female,<30,Yes,11,No
108250,Female,>50,Yes,6,Yes
108251,Male,30-50,No,5,No
108252,Male,30-50,Yes,8,Yes
108253,Female,30-50,Yes,10,No
108254,Female,<30,No,2,No
108255,Female,>50,Yes,5,Yes
108256,Female,>50,Yes,14,Yes
108257,Female,30-50,Yes,11,Yes
108258,Male,>50,Yes,9,No
108259,Female,>50,Yes,8,Yes
108260,Male,>50,Yes,10,No
108261,Female,<30,No,7,No
108262,Female,30-50,Yes,14,Yes
108263,Male,30-50,Yes,9,Yes
108264,Female,<30,Yes,5,No
108265,Female,30-50,Yes,7,Yes
108266,Female,30-50,No,3,No
108267,Female,30-50,Yes,15,Yes
108268,Female,30-50,Yes,6,No
108269,Female,<30,No,6,Yes
108270,Female,<30,Yes,10,Yes
108271,Female,<30,Yes,13,Yes
108272,Female,>50,Yes,11,Yes
108273,Female,30-50,No,1,Yes
108274,Male,30-50,Yes,10,No
108275,Female,>50,Yes,6,Yes
108276,Male,30-50,Yes,15,Yes
108277,Male,<30,Yes,8,No
108278,Male,30-50,Yes,10,Yes
108279,Female,30-50,Yes,13,Yes
108280,Female,30-50,No,5,No
108281,Female,<30,No,6,No
108282,Female,<30,Yes,6,Yes
108283,Female,<30,Yes,8,No
108284,Male,30-50,Yes,5,Yes
108285,Female,30-50,No,7,Yes
108286,Male,30-50,Yes,12,Yes
108287,Female,>50,Yes,13,Yes
108288,Male,<30,No,3,No
108289,Male,30-50,Yes,13,Yes
108290,Female,>50,Yes,8,Yes
108291,Female,30-50,Yes,5,Yes
108292,Female,<30,No,4,No
108293,Female,30-50,Yes,9,Yes
108294,Female,30-50,Yes,11,Yes
108295,Female,30-50,Yes,5,No
108296,Female,<30,Yes,12,No
108297,Male,30-50,Yes,5,Yes
108298,Female,<30,No,2,No
108299,Female,<30,No,4,Yes
108300,Female,30-50,Yes,5,Yes
108301,Male,30-50,Yes,15,Yes
108302,Male,<30,Yes,9,No
108303,Female,>50,No,4,No
108304,Male,>50,No,7,No
108305,Male,30-50,Yes,5,No
108306,Male,<30,No,7,No
108307,Female,>50,Yes,7,No
108308,Male,30-50,Yes,14,No
108309,Female,<30,No,7,No
108310,Female,30-50,Yes,13,Yes
108311,Female,<30,Yes,10,No
108312,Male,30-50,Yes,15,Yes
108313,Female,30-50,No,2,No
108314,Female,<30,Yes,11,Yes
108315,Male,30-50,No,1,Yes
108316,Male,<30,No,3,No
108317,Female,>50,Yes,6,No
108318,Male,>50,Yes,5,No
108319,Male,30-50,Yes,5,No
108320,Male,>50,Yes,6,Yes
108321,Male,30-50,Yes,14,No
108322,Male,30-50,Yes,6,Yes
108323,Female,30-50,Yes,6,Yes
108324,Female,>50,Yes,10,Yes
108325,Male,30-50,Yes,15,No
108326,Male,>50,Yes,12,Yes
108327,Male,>50,Yes,15,Yes
108328,Male,30-50,Yes,8,Yes
108329,Male,30-50,No,4,No
108330,Female,30-50,No,1,Yes
108331,Male,30-50,Yes,14,No
108332,Female,30-50,Yes,13,No
108333,Female,30-50,Yes,13,Yes
108334,Female,30-50,Yes,13,Yes
108335,Female,<30,Yes,15,No
108336,Male,30-50,Yes,14,Yes
108337,Male,>50,Yes,11,No
108338,Female,30-50,Yes,5,Yes
108339,Male,30-50,Yes,8,Yes
108340,Female,30-50,No,5,No
108341,Male,30-50,No,3,Yes
108342,Female,30-50,No,1,No
108343,Female,30-50,Yes,9,Yes
108344,Female,30-50,Yes,11,No
108345,Female,<30,No,3,No
108346,Male,<30,Yes,11,Yes
108347,Male,30-50,No,3,Yes
108348,Male,30-50,Yes,6,Yes
108349,Male,>50,Yes,8,No
108350,Male,30-50,Yes,10,Yes
108351,Male,<30,Yes,11,No
108352,Female,30-50,Yes,9,Yes
108353,Female,30-50,Yes,9,Yes
108354,Female,30-50,Yes,8,Yes
108355,Female,30-50,Yes,6,No
108356,Male,30-50,Yes,8,No
108357,Female,<30,Yes,15,Yes
108358,Male,30-50,Yes,14,No
108359,Female,30-50,Yes,5,Yes
108360,Male,30-50,No,5,Yes
108361,Female,>50,No,6,No
108362,Female,30-50,Yes,15,No
108363,Male,<30,Yes,10,No
108364,Male,>50,Yes,8,No
108365,Male,30-50,No,6,No
108366,Female,>50,Yes,12,No
108367,Female,>50,Yes,14,Yes
108368,Male,>50,No,4,No
108369,Female,30-50,No,4,No
108370,Male,>50,Yes,9,No
108371,Male,<30,Yes,15,Yes
108372,Male,30-50,Yes,14,Yes
108373,Female,30-50,Yes,14,Yes
108374,Male,30-50,Yes,6,Yes
108375,Female,30-50,Yes,6,Yes
108376,Female,30-50,No,5,Yes
108377,Male,30-50,No,7,No
108378,Female,<30,Yes,5,Yes
108379,Male,30-50,No,1,No
108380,Female,>50,No,4,No
108381,Male,>50,Yes,12,Yes
108382,Male,>50,Yes,7,No
108383,Male,30-50,Yes,8,No
108384,Female,>50,Yes,13,No
108385,Female,>50,Yes,8,Yes
108386,Female,>50,No,7,No
108387,Female,30-50,Yes,14,No
108388,Female,>50,Yes,5,No
108389,Male,30-50,Yes,11,No
108390,Male,30-50,Yes,5,No
108391,Male,<30,Yes,10,No
108392,Female,30-50,Yes,10,No
108393,Male,>50,No,4,No
108394,Male,>50,No,5,No
108395,Male,30-50,Yes,9,Yes
108396,Male,<30,Yes,7,No
108397,Female,<30,Yes,13,No
108398,Male,>50,Yes,8,No
108399,Female,30-50,No,4,Yes
108400,Female,30-50,Yes,8,No
108401,Male,30-50,Yes,7,Yes
108402,Male,>50,Yes,6,No
108403,Male,>50,No,6,No
108404,Female,30-50,Yes,7,Yes
108405,Female,30-50,Yes,13,No
108406,Male,>50,Yes,12,No
108407,Male,>50,Yes,15,No
108408,Female,>50,Yes,5,No
108409,Male,30-50,Yes,8,No
108410,Male,>50,Yes,15,No
108411,Female,>50,Yes,10,No
108412,Male,>50,Yes,10,No
108413,Male,30-50,No,4,No
108414,Female,>50,Yes,11,Yes
108415,Female,>50,Yes,10,Yes
108416,Female,30-50,No,4,No
108417,Male,>50,No,5,No
108418,Female,<30,Yes,15,Yes
108419,Male,<30,No,6,No
108420,Female,30-50,Yes,7,No
108421,Male,30-50,Yes,12,Yes
108422,Female,<30,No,3,No
108423,Female,30-50,Yes,10,Yes
108424,Male,<30,Yes,14,No
108425,Female,>50,Yes,15,Yes
108426,Female,<30,Yes,15,No
108427,Male,30-50,No,3,No
108428,Female,>50,No,6,Yes
108429,Female,30-50,Yes,15,No
108430,Female,30-50,Yes,6,No
108431,Female,<30,No,1,Yes
108432,Female,>50,Yes,10,Yes
108433,Female,<30,No,7,No
108434,Female,30-50,No,4,No
108435,Male,>50,No,4,No
108436,Male,30-50,No,2,No
108437,Male,<30,Yes,14,No
108438,Female,>50,Yes,12,No
108439,Male,30-50,Yes,6,No
108440,Female,<30,No,4,No
108441,Male,30-50,Yes,5,No
108442,Male,<30,Yes,14,Yes
108443,Male,30-50,Yes,5,Yes
108444,Female,>50,Yes,12,Yes
108445,Female,30-50,No,7,Yes
108446,Female,<30,No,7,Yes
108447,Female,30-50,No,1,Yes
108448,Female,30-50,Yes,5,Yes
108449,Female,30-50,No,2,No
108450,Female,<30,No,5,Yes
108451,Female,30-50,Yes,12,No
108452,Female,30-50,Yes,15,No
108453,Male,<30,Yes,10,No
108454,Male,>50,No,4,No
108455,Male,30-50,Yes,10,No
108456,Female,30-50,No,6,Yes
108457,Male,30-50,No,5,No
108458,Male,>50,No,5,No
108459,Female,>50,Yes,13,No
108460,Female,30-50,Yes,8,Yes
108461,Female,30-50,Yes,13,No
108462,Female,>50,No,7,No
108463,Female,30-50,No,4,No
108464,Female,30-50,Yes,6,Yes
108465,Female,30-50,Yes,12,No
108466,Female,30-50,Yes,11,No
108467,Male,30-50,No,7,No
108468,Male,30-50,Yes,7,No
108469,Male,30-50,No,2,No
108470,Female,30-50,No,6,No
108471,Female,30-50,Yes,12,No
108472,Female,30-50,No,3,No
108473,Female,>50,No,7,Yes
108474,Male,30-50,Yes,11,Yes
108475,Female,30-50,No,1,No
108476,Female,30-50,Yes,15,No
108477,Female,30-50,Yes,9,No
108478,Female,30-50,No,1,No
108479,Female,30-50,No,7,Yes
108480,Female,<30,No,2,No
108481,Female,30-50,Yes,11,No
108482,Male,>50,Yes,13,Yes
108483,Female,<30,No,6,Yes
108484,Female,30-50,Yes,10,No
108485,Female,30-50,No,4,Yes
108486,Female,30-50,No,5,No
108487,Female,<30,Yes,15,No
108488,Female,30-50,No,6,No
108489,Male,<30,No,1,No
108490,Male,<30,No,1,No
108491,Female,<30,Yes,13,No
108492,Female,30-50,No,3,No
108493,Female,>50,No,2,No
108494,Female,<30,Yes,13,Yes
108495,Female,>50,Yes,11,No
108496,Female,<30,Yes,7,Yes
108497,Female,30-50,No,7,Yes
108498,Male,<30,Yes,8,No
108499,Female,30-50,Yes,12,Yes
108500,Female,>50,No,3,No
108501,Male,30-50,Yes,5,Yes
108502,Male,>50,No,2,No
108503,Male,30-50,Yes,6,Yes
108504,Female,>50,Yes,11,No
108505,Male,30-50,Yes,5,No
108506,Male,<30,Yes,15,Yes
108507,Male,30-50,Yes,14,No
108508,Female,>50,No,1,Yes
108509,Female,<30,Yes,11,Yes
108510,Male,<30,Yes,11,Yes
108511,Female,>50,Yes,14,No
108512,Male,>50,Yes,14,No
108513,Female,>50,No,2,No
108514,Male,<30,No,6,No
108515,Male,30-50,Yes,12,Yes
108516,Male,>50,Yes,15,No
108517,Male,30-50,No,2,No
108518,Female,30-50,Yes,15,Yes
108519,Female,30-50,No,4,No
108520,Male,30-50,No,5,No
108521,Male,>50,Yes,14,No
108522,Female,30-50,Yes,6,No
108523,Female,30-50,No,5,Yes
108524,Female,30-50,Yes,10,Yes
108525,Male,30-50,No,4,No
108526,Female,<30,Yes,6,No
108527,Male,30-50,Yes,5,Yes
108528,Male,<30,No,2,No
108529,Male,<30,Yes,15,Yes
108530,Male,<30,No,7,No
108531,Female,>50,Yes,10,Yes
108532,Male,>50,Yes,8,No
108533,Male,<30,Yes,11,No
108534,Male,>50,Yes,5,No
108535,Male,<30,No,2,No
108536,Female,30-50,No,4,No
108537,Male,<30,Yes,8,No
108538,Female,30-50,Yes,14,Yes
108539,Female,30-50,No,2,Yes
108540,Male,<30,No,3,No
108541,Female,30-50,Yes,13,Yes
108542,Male,30-50,No,1,Yes
108543,Female,30-50,Yes,10,No
108544,Female,30-50,No,4,No
108545,Female,30-50,Yes,6,Yes
108546,Female,>50,Yes,14,Yes
108547,Female,<30,No,4,No
108548,Male,30-50,Yes,15,Yes
108549,Male,30-50,No,5,No
108550,Female,30-50,Yes,13,Yes
108551,Male,30-50,Yes,7,No
108552,Male,30-50,Yes,13,Yes
108553,Female,30-50,Yes,14,Yes
108554,Male,30-50,Yes,11,Yes
108555,Female,<30,Yes,12,No
108556,Male,>50,No,1,No
108557,Male,<30,Yes,11,Yes
108558,Male,30-50,Yes,10,Yes
108559,Female,30-50,Yes,7,Yes
108560,Female,<30,Yes,5,No
108561,Female,30-50,Yes,7,No
108562,Female,30-50,No,1,No
108563,Male,<30,No,6,No
108564,Female,30-50,Yes,14,Yes
108565,Male,<30,Yes,9,No
108566,Female,30-50,Yes,13,No
108567,Male,30-50,No,5,Yes
108568,Female,>50,Yes,10,Yes
108569,Male,30-50,No,7,Yes
108570,Female,<30,No,2,No
108571,Female,30-50,No,2,No
108572,Female,30-50,Yes,8,Yes
108573,Female,30-50,Yes,5,No
108574,Female,30-50,Yes,11,Yes
108575,Female,<30,Yes,11,Yes
108576,Male,>50,Yes,7,No
108577,Female,>50,Yes,10,No
108578,Male,30-50,No,3,No
108579,Male,30-50,No,3,No
108580,Female,30-50,No,6,Yes
108581,Male,<30,No,6,No
108582,Male,<30,No,4,No
108583,Male,<30,Yes,9,Yes
108584,Female,<30,Yes,11,No
108585,Female,<30,No,3,No
108586,Female,30-50,No,3,Yes
108587,Male,30-50,No,7,No
108588,Female,>50,Yes,7,Yes
108589,Male,<30,Yes,9,No
108590,Female,>50,No,4,No
108591,Male,30-50,Yes,7,Yes
108592,Female,30-50,Yes,14,Yes
108593,Male,>50,Yes,12,No
108594,Male,30-50,No,4,Yes
108595,Female,>50,Yes,8,No
108596,Female,>50,No,6,No
108597,Female,<30,Yes,10,Yes
108598,Male,>50,Yes,8,No
108599,Female,30-50,Yes,15,Yes
108600,Female,<30,Yes,10,No
108601,Male,<30,Yes,9,Yes
108602,Male,30-50,Yes,8,Yes
108603,Female,30-50,Yes,6,Yes
108604,Female,>50,No,2,No
108605,Female,>50,Yes,9,No
108606,Male,<30,Yes,14,No
108607,Female,30-50,Yes,14,Yes
108608,Male,30-50,No,3,No
108609,Male,30-50,Yes,12,No
108610,Female,30-50,No,2,No
108611,Male,30-50,No,1,No
108612,Male,<30,No,5,No
108613,Female,30-50,No,1,Yes
108614,Female,30-50,No,1,No
108615,Male,<30,No,2,No
108616,Female,<30,Yes,7,Yes
108617,Male,30-50,No,3,No
108618,Female,30-50,Yes,10,Yes
108619,Female,30-50,Yes,6,Yes
108620,Female,<30,No,6,Yes
108621,Female,30-50,Yes,12,No
108622,Female,30-50,Yes,13,Yes
108623,Male,<30,No,4,No
108624,Female,30-50,Yes,10,Yes
108625,Female,30-50,Yes,14,Yes
108626,Female,>50,No,7,No
108627,Male,30-50,No,7,No
108628,Male,30-50,No,5,Yes
108629,Female,30-50,No,3,Yes
108630,Male,>50,No,2,No
108631,Female,<30,Yes,10,Yes
108632,Male,<30,No,6,No
108633,Female,<30,Yes,11,Yes
108634,Male,30-50,Yes,9,Yes
108635,Female,30-50,No,3,No
108636,Male,<30,No,7,No
108637,Male,<30,Yes,6,No
108638,Male,<30,Yes,7,No
108639,Female,30-50,Yes,13,No
108640,Female,30-50,Yes,15,Yes
108641,Male,30-50,No,6,No
108642,Male,>50,No,3,No
108643,Male,30-50,Yes,8,Yes
108644,Female,30-50,Yes,12,Yes
108645,Female,30-50,Yes,9,No
108646,Male,>50,Yes,5,No
108647,Male,<30,No,3,No
108648,Female,30-50,Yes,8,Yes
108649,Male,30-50,No,3,No
108650,Female,30-50,No,6,Yes
108651,Female,30-50,Yes,6,Yes
108652,Female,>50,Yes,15,Yes
108653,Female,>50,No,7,No
108654,Female,>50,No,6,No
108655,Male,30-50,Yes,7,Yes
108656,Female,30-50,No,2,No
108657,Female,>50,No,5,No
108658,Male,30-50,No,2,No
108659,Female,>50,No,3,No
108660,Female,<30,Yes,14,Yes
108661,Female,>50,Yes,14,No
108662,Male,30-50,Yes,6,No
108663,Female,30-50,No,5,Yes
108664,Female,>50,Yes,13,No
108665,Female,<30,Yes,7,No
108666,Female,30-50,No,1,No
108667,Female,30-50,Yes,11,No
108668,Male,>50,Yes,13,No
108669,Male,<30,No,5,Yes
108670,Female,>50,Yes,15,Yes
108671,Male,30-50,Yes,15,Yes
108672,Male,<30,Yes,9,Yes
108673,Female,30-50,Yes,6,Yes
108674,Female,>50,Yes,10,Yes
108675,Male,30-50,No,3,No
108676,Female,<30,Yes,6,No
108677,Male,>50,Yes,10,No
108678,Male,<30,Yes,12,No
108679,Male,30-50,Yes,15,Yes
108680,Female,>50,Yes,7,Yes
108681,Female,30-50,Yes,7,No
108682,Male,<30,Yes,11,No
108683,Male,<30,No,5,No
108684,Female,>50,Yes,7,Yes
108685,Female,30-50,Yes,7,Yes
108686,Male,>50,Yes,12,No
108687,Female,30-50,No,1,No
108688,Female,30-50,No,6,No
108689,Female,30-50,Yes,10,Yes
108690,Female,<30,Yes,7,No
108691,Male,30-50,Yes,12,Yes
108692,Female,<30,Yes,5,Yes
108693,Female,<30,Yes,9,Yes
108694,Female,30-50,No,3,No
108695,Female,30-50,Yes,15,Yes
108696,Female,>50,No,6,No
108697,Female,<30,Yes,11,Yes
108698,Male,>50,Yes,8,Yes
108699,Male,<30,No,2,No
108700,Female,>50,No,6,No
108701,Male,30-50,Yes,13,No
108702,Male,30-50,No,5,No
108703,Female,30-50,Yes,9,Yes
108704,Female,30-50,Yes,15,No
108705,Male,>50,Yes,11,Yes
108706,Female,<30,No,6,No
108707,Male,30-50,Yes,6,Yes
108708,Male,30-50,No,6,No
108709,Male,30-50,No,6,No
108710,Female,>50,Yes,6,No
108711,Male,<30,Yes,8,No
108712,Male,>50,No,7,No
108713,Male,30-50,No,3,Yes
108714,Female,30-50,No,4,No
108715,Female,30-50,Yes,14,Yes
108716,Female,30-50,Yes,12,Yes
108717,Female,30-50,No,4,No
108718,Male,<30,Yes,8,No
108719,Female,30-50,No,2,Yes
108720,Male,<30,Yes,11,Yes
108721,Female,>50,No,3,No
108722,Male,30-50,No,2,No
108723,Male,30-50,Yes,11,Yes
108724,Female,<30,No,4,No
108725,Female,<30,No,3,No
108726,Female,>50,Yes,14,No
108727,Female,30-50,Yes,8,Yes
108728,Female,30-50,No,2,No
108729,Male,>50,Yes,10,No
108730,Female,30-50,No,3,No
108731,Female,30-50,No,1,No
108732,Female,30-50,Yes,11,Yes
108733,Female,>50,Yes,8,Yes
108734,Male,<30,No,1,No
108735,Female,30-50,No,7,No
108736,Female,>50,Yes,10,Yes
108737,Female,<30,Yes,12,Yes
108738,Male,30-50,Yes,12,No
108739,Male,30-50,Yes,11,Yes
108740,Female,30-50,No,5,No
108741,Female,>50,No,6,No
108742,Male,>50,Yes,11,No
108743,Female,<30,Yes,6,Yes
108744,Male,<30,No,5,No
108745,Male,30-50,Yes,8,Yes
108746,Female,30-50,No,1,No
108747,Male,>50,No,5,No
108748,Male,30-50,Yes,6,No
108749,Female,>50,No,4,No
108750,Male,<30,Yes,10,Yes
108751,Female,>50,No,5,No
108752,Female,30-50,No,2,Yes
108753,Female,>50,Yes,15,Yes
108754,Female,30-50,Yes,10,Yes
108755,Female,>50,No,7,No
108756,Female,>50,No,3,No
108757,Female,30-50,Yes,5,No
108758,Female,>50,Yes,14,Yes
108759,Male,<30,Yes,13,Yes
108760,Male,<30,Yes,11,No
108761,Male,>50,No,4,No
108762,Female,30-50,Yes,15,No
108763,Female,<30,Yes,8,No
108764,Female,30-50,Yes,11,No
108765,Female,30-50,Yes,6,No
108766,Female,30-50,Yes,10,No
108767,Female,<30,No,3,No
108768,Female,<30,Yes,12,Yes
108769,Male,>50,Yes,9,Yes
108770,Female,30-50,No,3,No
108771,Male,30-50,Yes,11,Yes
108772,Female,30-50,Yes,11,No
108773,Female,<30,Yes,8,No
108774,Female,<30,No,6,No
108775,Male,<30,Yes,15,Yes
108776,Male,30-50,No,6,No
108777,Female,<30,No,2,No
108778,Female,30-50,Yes,10,No
108779,Male,30-50,No,4,No
108780,Male,>50,No,1,No
108781,Male,30-50,No,2,No
108782,Female,<30,No,1,No
108783,Male,30-50,No,2,Yes
108784,Female,<30,Yes,13,No
108785,Female,<30,Yes,8,Yes
108786,Male,30-50,No,7,No
108787,Male,30-50,No,2,No
108788,Female,<30,Yes,6,Yes
108789,Male,>50,No,4,Yes
108790,Female,30-50,Yes,13,Yes
108791,Male,>50,Yes,11,Yes
108792,Female,30-50,No,4,Yes
108793,Female,<30,Yes,7,No
108794,Female,<30,Yes,10,Yes
108795,Female,<30,Yes,15,Yes
108796,Male,<30,Yes,14,No
108797,Male,>50,Yes,8,Yes
108798,Female,<30,Yes,11,Yes
108799,Male,<30,No,7,No
108800,Female,30-50,Yes,10,Yes
108801,Female,30-50,Yes,13,No
108802,Female,30-50,Yes,12,No
108803,Male,30-50,Yes,13,No
108804,Male,30-50,No,1,No
108805,Female,<30,No,6,No
108806,Male,>50,No,6,No
108807,Female,30-50,No,5,Yes
108808,Female,>50,Yes,6,No
108809,Female,>50,Yes,13,No
108810,Male,<30,Yes,5,No
108811,Male,30-50,Yes,11,No
108812,Female,>50,Yes,10,Yes
108813,Male,30-50,No,1,No
108814,Female,30-50,Yes,13,No
108815,Male,30-50,Yes,11,No
108816,Female,30-50,Yes,10,Yes
108817,Female,30-50,No,6,No
108818,Male,30-50,Yes,9,No
108819,Male,30-50,Yes,10,No
108820,Female,<30,No,1,No
108821,Male,>50,No,1,No
108822,Female,>50,Yes,8,No
108823,Female,>50,Yes,13,No
108824,Female,<30,No,1,No
108825,Female,30-50,No,6,Yes
108826,Male,>50,Yes,14,Yes
108827,Female,<30,No,4,No
108828,Female,<30,Yes,7,No
108829,Male,>50,Yes,14,No
108830,Male,>50,Yes,5,No
108831,Male,30-50,Yes,14,Yes
108832,Female,30-50,Yes,5,Yes
108833,Female,<30,No,4,No
108834,Male,<30,Yes,14,No
108835,Male,30-50,Yes,7,No
108836,Male,30-50,Yes,9,Yes
108837,Female,>50,No,4,Yes
108838,Female,30-50,No,4,Yes
108839,Male,30-50,Yes,8,Yes
108840,Male,30-50,No,3,Yes
108841,Female,<30,No,7,No
108842,Male,30-50,Yes,11,Yes
108843,Male,<30,Yes,12,No
108844,Female,>50,Yes,12,Yes
108845,Male,30-50,Yes,10,Yes
108846,Female,>50,No,2,Yes
108847,Male,<30,No,7,No
108848,Female,<30,Yes,5,No
108849,Female,30-50,Yes,5,No
108850,Male,30-50,No,7,No
108851,Female,30-50,Yes,7,Yes
108852,Male,>50,Yes,15,No
108853,Female,30-50,Yes,10,Yes
108854,Female,30-50,Yes,7,No
108855,Male,30-50,No,7,Yes
108856,Female,30-50,Yes,13,Yes
108857,Female,<30,No,1,No
108858,Female,<30,No,3,No
108859,Male,>50,Yes,8,No
108860,Male,30-50,Yes,12,Yes
108861,Female,30-50,Yes,15,No
108862,Female,30-50,No,2,No
108863,Female,<30,Yes,9,No
108864,Female,<30,Yes,8,Yes
108865,Female,30-50,No,3,No
108866,Female,>50,Yes,12,No
108867,Female,30-50,No,4,No
108868,Female,>50,Yes,11,Yes
108869,Female,>50,Yes,14,No
108870,Female,30-50,No,4,Yes
108871,Female,<30,Yes,15,Yes
108872,Female,<30,Yes,7,No
108873,Female,30-50,Yes,10,No
108874,Male,30-50,Yes,9,Yes
108875,Male,>50,Yes,11,No
108876,Female,<30,No,7,Yes
108877,Male,>50,Yes,10,Yes
108878,Male,30-50,No,5,No
108879,Female,30-50,Yes,8,No
108880,Female,<30,Yes,6,No
108881,Male,<30,Yes,10,No
108882,Female,>50,Yes,12,Yes
108883,Female,<30,Yes,9,No
108884,Female,<30,No,2,No
108885,Female,<30,Yes,6,Yes
108886,Male,30-50,Yes,15,Yes
108887,Female,30-50,Yes,6,No
108888,Female,<30,Yes,11,Yes
108889,Male,30-50,No,5,No
108890,Female,<30,Yes,11,No
108891,Female,30-50,Yes,7,No
108892,Male,<30,Yes,8,No
108893,Female,<30,Yes,15,No
108894,Female,>50,Yes,13,Yes
108895,Male,30-50,Yes,11,No
108896,Female,<30,Yes,9,Yes
108897,Female,30-50,No,7,Yes
108898,Female,30-50,Yes,9,Yes
108899,Female,<30,No,5,No
108900,Female,<30,No,2,No
108901,Male,>50,No,5,No
108902,Male,<30,No,4,No
108903,Female,<30,Yes,6,Yes
108904,Male,30-50,Yes,15,Yes
108905,Female,>50,Yes,15,Yes
108906,Female,<30,Yes,11,Yes
108907,Male,30-50,No,7,No
108908,Female,30-50,Yes,9,Yes
108909,Female,30-50,Yes,5,No
108910,Female,>50,Yes,12,No
108911,Female,30-50,Yes,8,No
108912,Female,30-50,Yes,11,No
108913,Male,>50,Yes,5,Yes
108914,Female,30-50,No,1,Yes
108915,Male,>50,No,6,No
108916,Male,30-50,Yes,14,No
108917,Male,<30,Yes,8,No
108918,Male,<30,Yes,14,No
108919,Male,>50,No,5,No
108920,Female,<30,Yes,9,Yes
108921,Female,>50,No,3,No
108922,Female,>50,Yes,9,No
108923,Female,>50,Yes,15,Yes
108924,Female,>50,Yes,14,No
108925,Female,<30,Yes,13,Yes
108926,Female,>50,No,4,No
108927,Male,30-50,Yes,9,Yes
108928,Male,<30,Yes,12,No
108929,Male,<30,Yes,15,Yes
108930,Female,30-50,Yes,11,No
108931,Female,>50,Yes,14,Yes
108932,Female,30-50,Yes,14,No
108933,Female,<30,No,4,No
108934,Female,>50,Yes,15,No
108935,Female,30-50,No,3,No
108936,Female,30-50,No,1,No
108937,Female,>50,Yes,7,No
108938,Male,<30,Yes,8,Yes
108939,Male,30-50,No,4,No
108940,Male,30-50,No,1,No
108941,Female,>50,Yes,15,Yes
108942,Male,30-50,Yes,10,Yes
108943,Male,<30,Yes,14,No
108944,Male,>50,No,5,Yes
108945,Female,30-50,Yes,12,Yes
108946,Female,30-50,Yes,6,Yes
108947,Female,>50,No,2,No
108948,Male,30-50,Yes,9,Yes
108949,Male,>50,No,6,No
108950,Female,<30,No,7,No
108951,Male,30-50,No,4,No
108952,Female,30-50,Yes,6,No
108953,Male,>50,Yes,12,No
108954,Male,30-50,No,5,No
108955,Female,30-50,Yes,12,No
108956,Male,30-50,No,7,Yes
108957,Male,30-50,Yes,10,Yes
108958,Female,>50,Yes,10,No
108959,Male,>50,No,4,No
108960,Male,30-50,Yes,15,No
108961,Male,30-50,No,3,Yes
108962,Female,>50,No,7,Yes
108963,Male,30-50,Yes,12,No
108964,Male,<30,No,3,No
108965,Male,>50,No,6,No
108966,Male,30-50,Yes,14,Yes
108967,Male,30-50,Yes,14,Yes
108968,Female,30-50,No,3,No
108969,Female,>50,Yes,14,No
108970,Male,30-50,Yes,11,Yes
108971,Female,30-50,No,3,Yes
108972,Female,>50,Yes,5,No
108973,Female,>50,Yes,11,No
108974,Female,<30,Yes,5,No
108975,Female,>50,Yes,12,Yes
108976,Male,>50,Yes,9,No
108977,Female,<30,Yes,7,No
108978,Male,<30,Yes,7,Yes
108979,Male,<30,Yes,14,Yes
108980,Female,>50,Yes,7,No
108981,Male,30-50,Yes,9,Yes
108982,Female,>50,No,5,Yes
108983,Female,>50,Yes,11,Yes
108984,Female,30-50,Yes,5,Yes
108985,Male,30-50,Yes,13,Yes
108986,Male,>50,Yes,14,No
108987,Female,30-50,No,1,No
108988,Female,30-50,No,3,No
108989,Female,30-50,No,6,No
108990,Male,>50,Yes,8,Yes
108991,Male,30-50,Yes,11,Yes
108992,Male,>50,Yes,6,Yes
108993,Male,30-50,Yes,15,No
108994,Female,>50,Yes,15,No
108995,Female,>50,Yes,9,No
108996,Male,>50,Yes,6,Yes
108997,Female,30-50,Yes,8,No
108998,Female,<30,Yes,7,No
108999,Female,<30,Yes,15,Yes
109000,Female,30-50,Yes,9,Yes
109001,Female,<30,Yes,10,Yes
109002,Male,>50,No,7,No
109003,Male,>50,No,6,No
109004,Female,30-50,Yes,10,Yes
109005,Male,<30,Yes,10,Yes
109006,Female,<30,No,4,No
109007,Male,<30,Yes,11,No
109008,Female,30-50,Yes,5,No
109009,Female,30-50,Yes,8,No
109010,Male,30-50,Yes,11,Yes
109011,Male,>50,No,4,No
109012,Male,30-50,Yes,10,No
109013,Female,30-50,Yes,10,No
109014,Male,<30,Yes,15,No
109015,Male,30-50,Yes,7,Yes
109016,Male,<30,No,7,No
109017,Female,30-50,Yes,10,Yes
109018,Female,>50,No,7,No
109019,Male,30-50,Yes,7,Yes
109020,Female,<30,Yes,7,Yes
109021,Male,30-50,Yes,7,No
109022,Male,30-50,No,1,No
109023,Female,30-50,Yes,12,No
109024,Female,>50,Yes,12,No
109025,Male,30-50,Yes,11,No
109026,Female,30-50,Yes,10,No
109027,Male,>50,Yes,7,Yes
109028,Male,30-50,Yes,6,No
109029,Male,<30,Yes,6,No
109030,Female,>50,Yes,6,Yes
109031,Female,30-50,Yes,13,Yes
109032,Male,30-50,Yes,9,No
109033,Male,<30,Yes,6,No
109034,Female,30-50,No,2,No
109035,Male,>50,No,6,No
109036,Male,30-50,Yes,13,Yes
109037,Male,30-50,Yes,7,No
109038,Female,>50,Yes,11,Yes
109039,Male,30-50,Yes,10,Yes
109040,Female,<30,Yes,11,No
109041,Male,30-50,Yes,12,No
109042,Male,30-50,No,2,No
109043,Female,30-50,Yes,7,Yes
109044,Female,30-50,Yes,12,No
109045,Male,30-50,No,7,Yes
109046,Female,30-50,Yes,14,Yes
109047,Female,<30,Yes,15,No
109048,Male,>50,No,3,No
109049,Female,<30,Yes,14,Yes
109050,Female,30-50,Yes,5,Yes
109051,Female,<30,Yes,15,No
109052,Female,<30,Yes,14,No
109053,Female,<30,Yes,8,Yes
109054,Female,>50,Yes,10,No
109055,Male,30-50,Yes,14,Yes
109056,Female,30-50,No,2,No
109057,Male,30-50,Yes,10,Yes
109058,Female,30-50,No,2,Yes
109059,Female,30-50,No,4,No
109060,Female,<30,No,4,No
109061,Female,<30,No,4,No
109062,Male,30-50,Yes,5,No
109063,Female,>50,Yes,6,No
109064,Female,30-50,Yes,7,Yes
109065,Female,30-50,No,6,Yes
109066,Female,>50,Yes,12,No
109067,Male,30-50,Yes,7,No
109068,Female,30-50,Yes,13,Yes
109069,Male,30-50,Yes,10,Yes
109070,Male,<30,No,6,No
109071,Male,30-50,No,3,No
109072,Female,30-50,Yes,13,No
109073,Male,>50,Yes,14,No
109074,Male,<30,Yes,11,No
109075,Female,>50,No,4,No
109076,Female,>50,No,6,No
109077,Male,<30,Yes,5,No
109078,Female,>50,No,7,No
109079,Female,30-50,Yes,7,No
109080,Female,30-50,Yes,7,No
109081,Male,<30,Yes,7,No
109082,Female,30-50,Yes,6,No
109083,Female,>50,Yes,5,No
109084,Male,<30,Yes,15,No
109085,Male,30-50,Yes,8,No
109086,Female,30-50,Yes,9,Yes
109087,Male,30-50,Yes,9,No
109088,Female,30-50,No,4,No
109089,Female,30-50,No,6,Yes
109090,Female,>50,Yes,12,Yes
109091,Female,30-50,No,2,No
109092,Female,30-50,Yes,11,No
109093,Male,30-50,Yes,10,No
109094,Female,<30,Yes,13,Yes
109095,Female,<30,Yes,5,No
109096,Male,30-50,No,4,No
109097,Female,30-50,Yes,5,No
109098,Male,<30,Yes,14,Yes
109099,Female,<30,Yes,15,Yes
109100,Male,<30,No,4,No
109101,Female,30-50,Yes,15,No
109102,Male,>50,Yes,12,Yes
109103,Female,<30,Yes,13,Yes
109104,Female,<30,Yes,14,No
109105,Female,<30,Yes,14,No
109106,Female,<30,No,3,Yes
109107,Female,>50,Yes,11,No
109108,Male,30-50,Yes,14,Yes
109109,Male,30-50,No,2,Yes
109110,Male,30-50,Yes,6,Yes
109111,Female,<30,Yes,15,Yes
109112,Male,30-50,Yes,8,No
109113,Female,>50,Yes,15,No
109114,Female,30-50,Yes,7,Yes
109115,Female,30-50,No,4,No
109116,Female,30-50,Yes,11,No
109117,Female,<30,Yes,10,Yes
109118,Female,30-50,Yes,14,No
109119,Female,<30,Yes,13,Yes
109120,Male,30-50,Yes,6,Yes
109121,Male,<30,Yes,5,No
109122,Female,30-50,No,4,No
109123,Female,>50,No,4,No
109124,Male,30-50,Yes,9,Yes
109125,Female,30-50,Yes,10,No
109126,Female,<30,No,7,No
109127,Male,30-50,No,1,Yes
109128,Male,30-50,No,7,No
109129,Female,30-50,Yes,12,No
109130,Female,30-50,No,3,No
109131,Male,<30,Yes,12,No
109132,Female,>50,Yes,15,No
109133,Male,30-50,Yes,13,No
109134,Female,30-50,Yes,13,No
109135,Female,>50,No,2,No
109136,Male,30-50,No,1,No
109137,Male,30-50,No,4,Yes
109138,Male,<30,Yes,12,No
109139,Female,30-50,Yes,7,Yes
109140,Female,>50,Yes,11,Yes
109141,Female,>50,Yes,8,Yes
109142,Female,30-50,Yes,5,No
109143,Female,>50,No,5,Yes
109144,Female,30-50,No,6,No
109145,Male,30-50,Yes,10,Yes
109146,Female,>50,Yes,7,No
109147,Male,>50,Yes,8,Yes
109148,Female,30-50,Yes,5,No
109149,Female,>50,No,2,No
109150,Male,<30,No,7,No
109151,Male,>50,Yes,15,No
109152,Female,30-50,Yes,9,Yes
109153,Female,<30,Yes,14,No
109154,Male,<30,Yes,10,No
109155,Female,>50,Yes,8,No
109156,Male,>50,Yes,14,No
109157,Male,30-50,Yes,9,No
109158,Female,<30,No,6,No
109159,Female,30-50,Yes,9,No
109160,Female,30-50,Yes,7,Yes
109161,Female,>50,Yes,10,Yes
109162,Female,30-50,Yes,5,Yes
109163,Female,30-50,Yes,15,Yes
109164,Female,30-50,Yes,15,Yes
109165,Female,<30,Yes,11,Yes
109166,Male,>50,No,6,Yes
109167,Male,30-50,Yes,6,Yes
109168,Female,30-50,No,5,No
109169,Female,<30,No,4,No
109170,Female,30-50,Yes,13,Yes
109171,Female,<30,Yes,8,Yes
109172,Male,>50,Yes,8,No
109173,Female,30-50,Yes,9,No
109174,Female,>50,Yes,13,Yes
109175,Male,>50,Yes,10,Yes
109176,Male,30-50,No,6,No
109177,Female,30-50,No,3,Yes
109178,Female,30-50,Yes,14,Yes
109179,Female,30-50,No,7,Yes
109180,Female,<30,Yes,5,No
109181,Male,<30,Yes,7,No
109182,Female,30-50,No,5,Yes
109183,Male,<30,No,3,No
109184,Female,<30,Yes,6,No
109185,Male,<30,Yes,15,No
109186,Female,30-50,Yes,7,Yes
109187,Female,30-50,No,4,No
109188,Female,30-50,Yes,7,Yes
109189,Female,30-50,Yes,14,No
109190,Male,<30,Yes,7,Yes
109191,Male,<30,Yes,13,No
109192,Female,30-50,No,4,No
109193,Male,>50,No,7,No
109194,Male,30-50,Yes,10,Yes
109195,Female,30-50,Yes,14,No
109196,Male,>50,No,5,Yes
109197,Female,30-50,Yes,10,Yes
109198,Female,>50,Yes,6,No
109199,Female,<30,Yes,8,Yes
109200,Female,>50,No,7,No
109201,Male,<30,No,6,No
109202,Female,>50,Yes,5,Yes
109203,Female,30-50,No,7,No
109204,Female,>50,Yes,15,Yes
109205,Male,30-50,Yes,9,No
109206,Female,>50,Yes,5,Yes
109207,Female,30-50,Yes,5,No
109208,Female,30-50,Yes,11,Yes
109209,Female,30-50,Yes,13,Yes
109210,Female,>50,No,3,No
109211,Female,>50,Yes,13,Yes
109212,Male,30-50,Yes,5,Yes
109213,Female,30-50,Yes,7,No
109214,Female,>50,No,1,No
109215,Male,>50,No,6,No
109216,Male,<30,No,4,No
109217,Male,<30,No,7,No
109218,Male,30-50,No,3,No
109219,Female,30-50,Yes,15,Yes
109220,Female,30-50,Yes,5,No
109221,Female,30-50,Yes,7,Yes
109222,Female,30-50,Yes,6,No
109223,Female,30-50,Yes,5,Yes
109224,Male,30-50,No,1,No
109225,Female,>50,No,2,Yes
109226,Male,30-50,No,6,No
109227,Female,<30,No,7,Yes
109228,Male,<30,No,5,No
109229,Female,<30,No,7,No
109230,Female,<30,Yes,9,No
109231,Male,>50,Yes,14,Yes
109232,Female,<30,No,7,No
109233,Male,30-50,Yes,7,Yes
109234,Female,30-50,Yes,10,Yes
109235,Male,>50,No,3,No
109236,Female,30-50,No,6,Yes
109237,Female,30-50,No,6,No
109238,Female,30-50,No,3,Yes
109239,Male,<30,Yes,5,Yes
109240,Male,30-50,No,6,No
109241,Female,>50,No,5,Yes
109242,Male,<30,Yes,13,No
109243,Female,>50,Yes,8,Yes
109244,Female,>50,No,5,No
109245,Female,30-50,No,6,No
109246,Female,<30,Yes,10,No
109247,Female,>50,Yes,5,Yes
109248,Female,30-50,Yes,15,Yes
109249,Female,<30,Yes,6,No
109250,Female,30-50,Yes,7,Yes
109251,Male,<30,Yes,8,No
109252,Female,30-50,Yes,8,Yes
109253,Male,<30,Yes,12,No
109254,Female,30-50,No,3,No
109255,Female,30-50,Yes,7,Yes
109256,Male,30-50,Yes,6,No
109257,Female,<30,Yes,11,No
109258,Female,>50,No,6,Yes
109259,Male,30-50,Yes,10,Yes
109260,Female,>50,Yes,9,Yes
109261,Female,>50,Yes,7,No
109262,Female,>50,No,5,No
109263,Male,<30,Yes,8,No
109264,Male,<30,No,3,No
109265,Female,30-50,Yes,15,No
109266,Male,30-50,No,6,Yes
109267,Male,>50,Yes,11,Yes
109268,Male,30-50,Yes,11,No
109269,Female,<30,No,7,No
109270,Female,30-50,Yes,9,No
109271,Male,<30,Yes,8,Yes
109272,Male,<30,Yes,13,No
109273,Male,>50,No,2,No
109274,Female,30-50,Yes,14,No
109275,Female,>50,Yes,13,No
109276,Female,30-50,No,3,Yes
109277,Female,30-50,No,7,Yes
109278,Male,30-50,No,5,No
109279,Male,<30,Yes,8,No
109280,Male,30-50,No,1,Yes
109281,Female,30-50,Yes,5,Yes
109282,Female,<30,Yes,10,Yes
109283,Male,<30,Yes,5,Yes
109284,Female,>50,Yes,12,No
109285,Female,<30,No,6,No
109286,Female,<30,Yes,9,Yes
109287,Female,>50,No,7,No
109288,Male,>50,Yes,10,Yes
109289,Female,>50,No,3,No
109290,Male,>50,No,4,No
109291,Female,>50,Yes,12,No
109292,Female,>50,Yes,5,No
109293,Female,30-50,No,7,No
109294,Female,<30,Yes,11,Yes
109295,Female,<30,Yes,9,Yes
109296,Female,30-50,Yes,15,Yes
109297,Male,30-50,Yes,9,Yes
109298,Female,30-50,No,2,No
109299,Male,<30,Yes,7,Yes
109300,Female,>50,Yes,15,No
109301,Male,30-50,No,7,No
109302,Female,30-50,No,7,Yes
109303,Male,30-50,Yes,10,Yes
109304,Female,30-50,No,4,No
109305,Female,30-50,Yes,8,Yes
109306,Female,<30,Yes,9,Yes
109307,Female,<30,No,4,No
109308,Female,30-50,Yes,9,No
109309,Male,>50,Yes,11,No
109310,Female,30-50,Yes,10,No
109311,Female,30-50,No,7,No
109312,Female,<30,Yes,11,No
109313,Male,30-50,Yes,5,No
109314,Male,30-50,No,5,No
109315,Male,30-50,Yes,7,Yes
109316,Male,<30,Yes,6,No
109317,Male,>50,Yes,7,No
109318,Female,>50,Yes,6,Yes
109319,Male,<30,Yes,9,No
109320,Female,30-50,No,3,No
109321,Female,>50,Yes,11,No
109322,Female,30-50,Yes,13,No
109323,Male,30-50,No,6,Yes
109324,Female,30-50,Yes,8,No
109325,Female,30-50,Yes,13,Yes
109326,Male,30-50,Yes,13,Yes
109327,Female,30-50,Yes,13,No
109328,Female,<30,No,1,No
109329,Male,30-50,Yes,14,Yes
109330,Female,>50,Yes,5,Yes
109331,Female,30-50,No,3,Yes
109332,Male,30-50,Yes,10,No
109333,Female,<30,Yes,5,No
109334,Female,30-50,No,4,Yes
109335,Female,<30,Yes,13,Yes
109336,Female,>50,No,6,No
109337,Male,<30,Yes,14,No
109338,Female,>50,Yes,5,Yes
109339,Female,30-50,Yes,6,Yes
109340,Male,30-50,Yes,6,Yes
109341,Female,<30,No,3,No
109342,Female,<30,No,6,No
109343,Male,>50,Yes,15,Yes
109344,Female,<30,No,3,No
109345,Male,>50,Yes,12,No
109346,Male,30-50,Yes,9,Yes
109347,Male,<30,No,1,No
109348,Female,30-50,Yes,10,No
109349,Male,30-50,Yes,15,No
109350,Female,<30,Yes,11,No
109351,Female,<30,No,3,No
109352,Female,<30,Yes,15,No
109353,Female,>50,Yes,7,No
109354,Female,30-50,No,5,No
109355,Female,<30,Yes,9,Yes
109356,Female,30-50,No,6,Yes
109357,Male,>50,No,3,No
109358,Female,<30,No,6,No
109359,Female,30-50,Yes,15,No
109360,Male,<30,No,3,No
109361,Female,30-50,Yes,5,Yes
109362,Female,<30,No,5,No
109363,Female,<30,Yes,6,No
109364,Female,30-50,Yes,10,Yes
109365,Male,30-50,No,5,No
109366,Female,30-50,Yes,14,Yes
109367,Male,>50,No,6,No
109368,Female,30-50,Yes,13,Yes
109369,Female,30-50,No,6,No
109370,Female,30-50,No,1,No
109371,Male,30-50,Yes,11,Yes
109372,Female,<30,No,7,No
109373,Male,30-50,Yes,11,Yes
109374,Male,30-50,Yes,12,No
109375,Male,>50,No,2,No
109376,Female,30-50,Yes,5,No
109377,Male,>50,Yes,14,No
109378,Male,30-50,Yes,13,Yes
109379,Female,30-50,Yes,7,No
109380,Female,<30,Yes,15,No
109381,Male,30-50,No,3,No
109382,Female,>50,Yes,13,No
109383,Male,30-50,No,6,Yes
109384,Female,30-50,Yes,13,Yes
109385,Male,<30,Yes,5,No
109386,Male,>50,No,6,No
109387,Female,30-50,No,4,Yes
109388,Male,<30,Yes,14,No
109389,Male,30-50,Yes,15,No
109390,Female,>50,Yes,13,No
109391,Female,30-50,Yes,12,Yes
109392,Female,<30,No,4,No
109393,Male,30-50,No,7,No
109394,Male,30-50,No,3,Yes
109395,Male,30-50,Yes,7,Yes
109396,Male,<30,Yes,9,No
109397,Female,>50,Yes,10,Yes
109398,Female,30-50,No,4,No
109399,Female,>50,No,6,No
109400,Female,<30,Yes,10,Yes
109401,Male,>50,Yes,10,No
109402,Female,30-50,Yes,6,No
109403,Male,30-50,Yes,7,No
109404,Female,30-50,Yes,5,No
109405,Male,30-50,No,2,No
109406,Female,<30,No,5,No
109407,Male,>50,Yes,14,Yes
109408,Female,>50,Yes,15,No
109409,Female,>50,Yes,9,Yes
109410,Male,30-50,No,7,No
109411,Male,<30,No,7,Yes
109412,Female,>50,Yes,9,No
109413,Female,30-50,Yes,9,No
109414,Male,>50,No,2,No
109415,Female,<30,Yes,12,No
109416,Female,<30,Yes,14,No
109417,Female,30-50,Yes,9,No
109418,Male,>50,No,5,No
109419,Female,30-50,Yes,15,Yes
109420,Male,30-50,Yes,10,Yes
109421,Female,30-50,Yes,11,No
109422,Female,30-50,Yes,10,Yes
109423,Female,30-50,Yes,5,Yes
109424,Male,30-50,No,6,No
109425,Female,>50,No,1,No
109426,Female,>50,No,4,No
109427,Female,>50,No,3,No
109428,Female,>50,Yes,12,Yes
109429,Male,<30,No,2,No
109430,Male,<30,Yes,8,Yes
109431,Female,<30,Yes,14,Yes
109432,Female,30-50,Yes,9,No
109433,Male,<30,Yes,5,Yes
109434,Female,>50,Yes,11,Yes
109435,Male,>50,No,2,No
109436,Male,>50,No,2,Yes
109437,Female,30-50,Yes,13,Yes
109438,Female,<30,Yes,15,Yes
109439,Male,<30,No,3,No
109440,Female,30-50,No,4,Yes
109441,Male,30-50,No,2,No
109442,Female,30-50,Yes,13,Yes
109443,Male,>50,Yes,10,No
109444,Male,<30,No,5,No
109445,Male,30-50,Yes,7,Yes
109446,Male,<30,Yes,9,No
109447,Female,30-50,No,5,Yes
109448,Male,<30,Yes,14,Yes
109449,Male,30-50,Yes,15,Yes
109450,Female,30-50,Yes,10,Yes
109451,Male,30-50,No,5,No
109452,Female,30-50,No,2,No
109453,Female,30-50,Yes,7,Yes
109454,Female,30-50,Yes,7,Yes
109455,Female,30-50,No,6,No
109456,Female,30-50,Yes,13,Yes
109457,Male,<30,Yes,13,Yes
109458,Female,>50,No,1,No
109459,Male,<30,Yes,11,Yes
109460,Male,>50,Yes,10,No
109461,Male,30-50,Yes,9,No
109462,Male,>50,Yes,7,No
109463,Female,30-50,Yes,8,Yes
109464,Female,30-50,No,4,No
109465,Female,>50,Yes,8,No
109466,Male,30-50,No,4,Yes
109467,Male,>50,No,2,No
109468,Female,>50,Yes,10,Yes
109469,Female,<30,Yes,12,Yes
109470,Male,>50,Yes,12,No
109471,Female,30-50,No,4,No
109472,Female,<30,No,5,No
109473,Female,<30,Yes,12,Yes
109474,Female,<30,No,1,No
109475,Female,<30,Yes,8,No
109476,Female,30-50,No,7,Yes
109477,Male,>50,Yes,5,Yes
109478,Female,30-50,No,3,No
109479,Female,30-50,Yes,5,Yes
109480,Male,30-50,Yes,8,No
109481,Male,30-50,No,1,No
109482,Female,>50,No,4,No
109483,Female,>50,No,3,No
109484,Male,30-50,Yes,7,Yes
109485,Female,30-50,Yes,7,No
109486,Male,30-50,Yes,12,Yes
109487,Male,30-50,Yes,15,Yes
109488,Female,<30,Yes,11,Yes
109489,Female,30-50,Yes,5,Yes
109490,Female,<30,No,4,No
109491,Female,<30,Yes,5,No
109492,Male,30-50,Yes,12,Yes
109493,Female,30-50,Yes,8,Yes
109494,Male,30-50,No,4,No
109495,Female,<30,No,2,No
109496,Female,<30,Yes,14,No
109497,Female,30-50,No,7,Yes
109498,Male,<30,Yes,15,Yes
109499,Female,>50,Yes,12,Yes
109500,Female,<30,Yes,12,Yes
109501,Female,<30,Yes,6,No
109502,Female,>50,Yes,13,Yes
109503,Female,<30,Yes,10,Yes
109504,Female,>50,Yes,13,No
109505,Female,<30,Yes,5,No
109506,Male,>50,Yes,8,Yes
109507,Female,>50,Yes,13,No
109508,Female,>50,No,6,Yes
109509,Male,>50,Yes,10,Yes
109510,Female,<30,No,6,Yes
109511,Female,<30,Yes,15,Yes
109512,Male,>50,Yes,11,No
109513,Male,>50,Yes,8,No
109514,Female,30-50,No,7,No
109515,Male,>50,Yes,13,No
109516,Female,<30,Yes,10,Yes
109517,Female,>50,Yes,9,No
109518,Female,30-50,Yes,9,Yes
109519,Female,30-50,No,7,No
109520,Female,>50,No,6,Yes
109521,Female,<30,Yes,6,Yes
109522,Male,30-50,No,4,Yes
109523,Female,>50,Yes,9,Yes
109524,Female,>50,No,2,No
109525,Female,<30,Yes,12,No
109526,Male,30-50,Yes,11,Yes
109527,Female,30-50,No,6,No
109528,Male,30-50,Yes,14,Yes
109529,Female,30-50,No,2,No
109530,Male,30-50,Yes,12,Yes
109531,Female,<30,Yes,10,Yes
109532,Female,30-50,Yes,13,No
109533,Female,30-50,Yes,15,No
109534,Male,<30,Yes,9,No
109535,Female,<30,Yes,7,Yes
109536,Male,>50,Yes,14,No
109537,Male,30-50,Yes,10,Yes
109538,Male,>50,Yes,13,No
109539,Female,>50,No,4,No
109540,Male,>50,No,5,No
109541,Male,30-50,Yes,11,Yes
109542,Female,30-50,No,6,No
109543,Female,<30,Yes,5,No
109544,Male,<30,Yes,14,No
109545,Female,30-50,Yes,6,No
109546,Female,30-50,Yes,15,Yes
109547,Female,30-50,Yes,13,No
109548,Female,>50,No,4,No
109549,Female,>50,Yes,13,No
109550,Female,30-50,No,1,No
109551,Male,>50,Yes,11,Yes
109552,Female,<30,Yes,13,Yes
109553,Female,<30,Yes,7,Yes
109554,Male,<30,No,3,No
109555,Female,<30,Yes,6,Yes
109556,Male,30-50,No,3,No
109557,Male,<30,No,4,No
109558,Female,<30,Yes,5,No
109559,Male,>50,Yes,7,No
109560,Female,30-50,Yes,9,Yes
109561,Female,30-50,No,2,No
109562,Female,>50,No,1,No
109563,Male,>50,Yes,11,Yes
109564,Male,30-50,No,5,No
109565,Male,<30,Yes,7,No
109566,Female,30-50,Yes,15,Yes
109567,Female,>50,Yes,5,Yes
109568,Female,>50,Yes,12,Yes
109569,Male,30-50,Yes,15,No
109570,Female,>50,No,7,No
109571,Female,<30,Yes,8,Yes
109572,Female,>50,Yes,15,Yes
109573,Female,30-50,Yes,15,Yes
109574,Female,>50,Yes,9,No
109575,Female,<30,No,1,Yes
109576,Male,>50,No,3,Yes
109577,Female,<30,Yes,6,No
109578,Female,>50,Yes,7,Yes
109579,Female,>50,Yes,5,No
109580,Male,30-50,No,5,No
109581,Female,30-50,No,4,No
109582,Female,>50,Yes,15,No
109583,Female,30-50,Yes,10,Yes
109584,Female,30-50,Yes,8,Yes
109585,Female,>50,Yes,6,No
109586,Female,>50,Yes,14,No
109587,Female,>50,Yes,12,No
109588,Female,>50,No,2,No
109589,Female,30-50,No,6,Yes
109590,Male,<30,No,4,No
109591,Male,30-50,Yes,8,No
109592,Female,30-50,Yes,5,Yes
109593,Female,<30,No,4,No
109594,Female,<30,No,6,No
109595,Female,>50,Yes,11,No
109596,Female,30-50,No,3,Yes
109597,Female,30-50,No,6,No
109598,Male,>50,Yes,7,Yes
109599,Female,30-50,Yes,6,Yes
109600,Female,30-50,No,7,No
109601,Female,>50,Yes,11,Yes
109602,Male,30-50,No,3,No
109603,Female,>50,No,3,No
109604,Male,<30,No,4,No
109605,Female,30-50,Yes,7,No
109606,Female,30-50,Yes,13,No
109607,Female,30-50,Yes,13,Yes
109608,Male,>50,Yes,12,Yes
109609,Female,<30,Yes,7,No
109610,Female,>50,Yes,7,No
109611,Female,>50,Yes,14,Yes
109612,Female,>50,No,5,No
109613,Female,30-50,No,3,Yes
109614,Female,30-50,Yes,5,No
109615,Female,<30,Yes,6,No
109616,Female,30-50,Yes,7,Yes
109617,Female,<30,Yes,7,Yes
109618,Female,>50,Yes,8,No
109619,Male,30-50,Yes,11,Yes
109620,Male,>50,No,3,No
109621,Male,<30,No,1,No
109622,Male,30-50,No,3,No
109623,Female,>50,Yes,14,No
109624,Male,30-50,Yes,15,No
109625,Male,30-50,No,2,No
109626,Female,>50,No,3,Yes
109627,Male,>50,Yes,12,No
109628,Female,>50,Yes,5,No
109629,Female,>50,No,6,No
109630,Female,>50,Yes,6,Yes
109631,Male,30-50,Yes,15,Yes
109632,Female,30-50,No,1,No
109633,Male,30-50,No,3,No
109634,Female,30-50,No,6,Yes
109635,Male,30-50,No,3,No
109636,Female,30-50,Yes,11,Yes
109637,Female,30-50,Yes,12,Yes
109638,Female,30-50,No,5,No
109639,Male,30-50,Yes,7,No
109640,Female,30-50,No,2,No
109641,Female,30-50,Yes,15,Yes
109642,Female,<30,Yes,15,Yes
109643,Female,>50,Yes,11,No
109644,Female,<30,Yes,9,Yes
109645,Female,30-50,Yes,11,No
109646,Female,30-50,Yes,11,No
109647,Female,30-50,Yes,15,No
109648,Male,30-50,Yes,7,Yes
109649,Male,30-50,No,1,No
109650,Male,<30,No,5,No
109651,Male,30-50,Yes,12,Yes
109652,Male,<30,Yes,13,Yes
109653,Male,30-50,No,5,No
109654,Female,30-50,Yes,11,Yes
109655,Male,30-50,No,1,Yes
109656,Male,<30,Yes,14,No
109657,Male,<30,Yes,6,Yes
109658,Female,30-50,Yes,15,Yes
109659,Female,<30,Yes,15,No
109660,Male,>50,Yes,5,No
109661,Female,30-50,No,6,No
109662,Male,>50,Yes,10,Yes
109663,Female,30-50,Yes,9,Yes
109664,Male,30-50,Yes,15,Yes
109665,Female,30-50,Yes,6,Yes
109666,Female,>50,Yes,15,No
109667,Female,30-50,Yes,7,No
109668,Female,30-50,Yes,14,No
109669,Male,30-50,Yes,11,Yes
109670,Male,>50,No,3,No
109671,Male,30-50,No,5,No
109672,Male,30-50,Yes,15,No
109673,Female,<30,Yes,13,No
109674,Female,30-50,No,3,No
109675,Male,<30,No,3,No
109676,Male,30-50,No,6,No
109677,Female,30-50,Yes,13,No
109678,Male,<30,Yes,7,Yes
109679,Male,>50,Yes,11,No
109680,Female,30-50,Yes,13,Yes
109681,Female,30-50,Yes,8,Yes
109682,Male,30-50,Yes,8,No
109683,Female,30-50,Yes,15,No
109684,Female,>50,Yes,12,No
109685,Female,30-50,No,2,No
109686,Female,>50,Yes,5,No
109687,Female,30-50,Yes,9,Yes
109688,Male,30-50,Yes,11,No
109689,Female,30-50,No,7,No
109690,Female,>50,Yes,5,Yes
109691,Female,>50,Yes,15,Yes
109692,Female,<30,Yes,7,Yes
109693,Female,>50,No,1,No
109694,Female,30-50,Yes,11,Yes
109695,Male,30-50,Yes,15,Yes
109696,Male,30-50,No,5,Yes
109697,Female,30-50,No,5,No
109698,Male,30-50,Yes,9,No
109699,Female,<30,No,3,No
109700,Female,<30,No,6,No
109701,Female,<30,Yes,6,Yes
109702,Male,30-50,No,3,Yes
109703,Male,30-50,Yes,14,Yes
109704,Male,<30,No,4,No
109705,Female,>50,Yes,8,No
109706,Female,>50,Yes,7,No
109707,Male,<30,No,1,No
109708,Female,>50,Yes,6,No
109709,Female,>50,No,2,Yes
109710,Male,>50,Yes,11,No
109711,Female,30-50,No,1,No
109712,Female,>50,No,7,Yes
109713,Female,30-50,Yes,11,Yes
109714,Female,30-50,No,6,Yes
109715,Male,30-50,No,6,No
109716,Female,30-50,Yes,10,Yes
109717,Female,30-50,Yes,5,No
109718,Female,>50,Yes,14,No
109719,Female,<30,No,4,No
109720,Female,>50,No,1,No
109721,Male,>50,Yes,8,No
109722,Female,<30,Yes,14,No
109723,Male,>50,No,1,No
109724,Female,>50,No,2,No
109725,Female,30-50,No,3,No
109726,Male,<30,Yes,8,No
109727,Female,>50,No,1,No
109728,Male,30-50,Yes,6,No
109729,Female,30-50,No,1,Yes
109730,Female,>50,No,3,No
109731,Male,30-50,Yes,11,No
109732,Male,30-50,Yes,10,Yes
109733,Female,30-50,Yes,7,Yes
109734,Female,>50,Yes,10,Yes
109735,Female,30-50,Yes,13,No
109736,Female,>50,No,4,Yes
109737,Female,<30,Yes,12,Yes
109738,Male,<30,Yes,8,No
109739,Female,30-50,Yes,7,Yes
109740,Female,30-50,Yes,6,Yes
109741,Female,>50,No,3,No
109742,Female,>50,Yes,13,No
109743,Male,30-50,Yes,5,Yes
109744,Female,30-50,Yes,9,Yes
109745,Female,30-50,Yes,6,Yes
109746,Male,30-50,No,6,No
109747,Female,30-50,No,1,No
109748,Female,30-50,Yes,12,Yes
109749,Female,>50,Yes,8,No
109750,Male,30-50,Yes,14,No
109751,Female,<30,Yes,13,No
109752,Female,30-50,Yes,15,No
109753,Male,30-50,Yes,9,Yes
109754,Male,<30,Yes,9,No
109755,Male,30-50,No,5,Yes
109756,Female,<30,Yes,15,No
109757,Female,30-50,No,6,Yes
109758,Female,<30,No,6,No
109759,Female,30-50,No,2,No
109760,Male,30-50,No,2,No
109761,Male,30-50,Yes,11,No
109762,Female,>50,No,4,No
109763,Male,30-50,Yes,7,Yes
109764,Female,30-50,Yes,13,Yes
109765,Female,>50,No,3,Yes
109766,Female,30-50,Yes,12,No
109767,Male,<30,Yes,14,Yes
109768,Female,30-50,Yes,5,Yes
109769,Female,30-50,Yes,13,Yes
109770,Male,>50,No,4,Yes
109771,Female,30-50,Yes,14,Yes
109772,Male,>50,No,5,No
109773,Male,>50,Yes,14,Yes
109774,Male,30-50,Yes,11,No
109775,Male,30-50,Yes,8,Yes
109776,Male,30-50,Yes,13,No
109777,Male,30-50,No,4,No
109778,Female,30-50,No,7,No
109779,Male,>50,No,4,No
109780,Male,30-50,Yes,11,No
109781,Male,30-50,Yes,6,No
109782,Male,30-50,No,2,No
109783,Male,>50,Yes,9,No
109784,Female,30-50,Yes,7,Yes
109785,Male,>50,No,3,No
109786,Female,30-50,Yes,9,Yes
109787,Female,30-50,Yes,9,Yes
109788,Female,30-50,No,3,No
109789,Female,30-50,Yes,14,No
109790,Male,<30,No,1,No
109791,Male,<30,No,5,No
109792,Male,30-50,Yes,14,No
109793,Male,30-50,Yes,15,No
109794,Male,30-50,Yes,12,Yes
109795,Male,<30,No,5,No
109796,Female,30-50,Yes,12,Yes
109797,Male,<30,No,7,No
109798,Female,30-50,No,5,No
109799,Male,30-50,Yes,8,No
109800,Female,30-50,Yes,5,Yes
109801,Male,>50,Yes,10,No
109802,Male,30-50,No,5,No
109803,Female,30-50,Yes,11,Yes
109804,Female,30-50,No,7,Yes
109805,Male,30-50,Yes,13,Yes
109806,Female,>50,Yes,15,No
109807,Male,30-50,Yes,10,Yes
109808,Female,>50,Yes,8,Yes
109809,Female,30-50,Yes,6,Yes
109810,Female,30-50,No,6,No
109811,Male,30-50,No,3,No
109812,Female,<30,No,4,Yes
109813,Male,30-50,Yes,12,No
109814,Female,30-50,Yes,9,No
109815,Female,30-50,Yes,6,Yes
109816,Female,30-50,Yes,15,Yes
109817,Female,30-50,Yes,6,Yes
109818,Male,30-50,Yes,5,No
109819,Male,>50,Yes,9,Yes
109820,Male,30-50,No,3,No
109821,Male,<30,Yes,5,Yes
109822,Female,<30,Yes,14,Yes
109823,Male,30-50,No,5,No
109824,Female,>50,Yes,7,No
109825,Male,30-50,Yes,15,Yes
109826,Female,>50,Yes,10,No
109827,Male,30-50,No,1,No
109828,Female,30-50,No,5,No
109829,Male,>50,Yes,10,No
109830,Male,>50,No,7,No
109831,Female,30-50,No,7,No
109832,Female,>50,Yes,11,No
109833,Female,30-50,No,3,Yes
109834,Female,<30,Yes,11,Yes
109835,Male,30-50,Yes,13,Yes
109836,Male,<30,Yes,13,No
109837,Female,30-50,No,3,No
109838,Male,<30,Yes,11,No
109839,Female,<30,Yes,7,No
109840,Male,30-50,Yes,10,No
109841,Female,<30,Yes,10,No
109842,Female,30-50,Yes,11,Yes
109843,Female,<30,Yes,7,No
109844,Female,>50,No,7,No
109845,Female,<30,No,3,No
109846,Male,30-50,No,2,Yes
109847,Male,30-50,Yes,5,No
109848,Male,30-50,Yes,12,No
109849,Male,>50,No,4,Yes
109850,Female,<30,Yes,5,Yes
109851,Female,30-50,Yes,15,No
109852,Female,<30,Yes,8,No
109853,Female,>50,Yes,7,No
109854,Female,<30,Yes,10,Yes
109855,Male,30-50,No,2,No
109856,Female,30-50,Yes,10,No
109857,Female,30-50,Yes,15,No
109858,Female,30-50,Yes,5,Yes
109859,Female,>50,Yes,13,No
109860,Male,30-50,Yes,7,No
109861,Female,30-50,No,6,No
109862,Female,30-50,No,3,Yes
109863,Male,30-50,Yes,8,Yes
109864,Male,<30,Yes,6,Yes
109865,Male,30-50,No,3,No
109866,Male,30-50,Yes,14,Yes
109867,Male,<30,Yes,9,Yes
109868,Female,>50,No,6,No
109869,Male,>50,Yes,12,No
109870,Male,30-50,No,2,Yes
109871,Male,30-50,No,3,No
109872,Female,30-50,Yes,11,Yes
109873,Female,<30,Yes,10,Yes
109874,Male,30-50,Yes,7,No
109875,Female,30-50,Yes,13,No
109876,Male,30-50,No,3,No
109877,Male,<30,Yes,14,No
109878,Female,30-50,Yes,5,No
109879,Female,<30,No,3,No
109880,Female,<30,Yes,7,No
109881,Female,30-50,Yes,15,Yes
109882,Male,>50,Yes,7,No
109883,Female,<30,Yes,15,No
109884,Female,<30,Yes,8,Yes
109885,Female,30-50,Yes,13,Yes
109886,Male,30-50,Yes,15,Yes
109887,Male,30-50,Yes,7,No
109888,Female,>50,Yes,13,Yes
109889,Male,30-50,Yes,11,No
109890,Male,<30,No,3,No
109891,Male,30-50,No,4,No
109892,Female,30-50,Yes,5,No
109893,Female,>50,Yes,13,Yes
109894,Male,30-50,Yes,7,Yes
109895,Female,30-50,No,7,No
109896,Male,30-50,Yes,8,Yes
109897,Female,30-50,No,4,No
109898,Male,<30,No,7,No
109899,Male,30-50,Yes,14,Yes
109900,Female,>50,Yes,7,No
109901,Female,<30,No,2,No
109902,Female,30-50,No,3,No
109903,Male,<30,Yes,6,No
109904,Female,30-50,No,5,No
109905,Male,30-50,No,2,Yes
109906,Female,30-50,Yes,8,No
109907,Male,>50,No,4,No
109908,Male,<30,Yes,12,No
109909,Male,30-50,No,1,Yes
109910,Female,30-50,No,7,Yes
109911,Male,>50,Yes,10,No
109912,Male,<30,No,7,No
109913,Male,30-50,No,4,No
109914,Female,>50,No,1,No
109915,Female,30-50,Yes,13,Yes
109916,Male,>50,Yes,8,No
109917,Female,<30,Yes,5,Yes
109918,Female,>50,No,1,No
109919,Male,>50,Yes,6,Yes
109920,Female,30-50,Yes,5,Yes
109921,Female,<30,No,3,Yes
109922,Female,30-50,Yes,9,Yes
109923,Male,<30,Yes,8,Yes
109924,Female,>50,Yes,5,No
109925,Female,<30,Yes,11,Yes
109926,Male,30-50,Yes,10,Yes
109927,Female,>50,Yes,13,No
109928,Male,>50,Yes,14,Yes
109929,Male,>50,No,4,No
109930,Female,30-50,No,7,No
109931,Male,<30,No,3,No
109932,Female,>50,No,3,No
109933,Female,30-50,Yes,7,Yes
109934,Male,<30,No,6,Yes
109935,Female,>50,No,5,No
109936,Male,30-50,Yes,8,Yes
109937,Male,30-50,No,7,Yes
109938,Male,>50,No,1,No
109939,Female,30-50,No,6,No
109940,Female,<30,No,3,No
109941,Male,30-50,Yes,7,No
109942,Female,<30,Yes,10,No
109943,Female,>50,Yes,12,No
109944,Male,>50,No,7,No
109945,Female,30-50,No,7,No
109946,Female,>50,Yes,5,No
109947,Female,>50,Yes,15,No
109948,Male,>50,No,6,No
109949,Female,30-50,No,5,Yes
109950,Male,30-50,Yes,14,Yes
109951,Female,<30,No,5,No
109952,Male,<30,No,6,No
109953,Male,>50,Yes,12,Yes
109954,Male,30-50,Yes,5,No
109955,Female,30-50,Yes,15,No
109956,Female,<30,No,3,No
109957,Female,30-50,Yes,7,Yes
109958,Female,<30,No,2,No
109959,Male,30-50,Yes,6,Yes
109960,Female,30-50,Yes,7,Yes
109961,Male,30-50,No,4,No
109962,Male,30-50,Yes,7,Yes
109963,Male,30-50,No,4,No
109964,Female,30-50,Yes,14,Yes
109965,Female,>50,No,5,Yes
109966,Male,30-50,Yes,12,No
109967,Male,30-50,Yes,10,No
109968,Male,30-50,No,1,No
109969,Female,<30,No,2,No
109970,Male,30-50,Yes,5,Yes
109971,Female,30-50,Yes,14,No
109972,Female,30-50,Yes,13,No
109973,Female,<30,Yes,8,No
109974,Male,30-50,No,1,No
109975,Male,30-50,No,6,No
109976,Male,>50,No,5,No
109977,Female,30-50,Yes,15,Yes
109978,Female,>50,Yes,11,No
109979,Male,<30,Yes,7,No
109980,Male,>50,No,6,No
109981,Female,>50,Yes,11,No
109982,Male,<30,No,5,No
109983,Female,30-50,Yes,11,Yes
109984,Female,<30,Yes,15,Yes
109985,Male,30-50,Yes,5,Yes
109986,Male,30-50,No,2,No
109987,Female,>50,Yes,7,No
109988,Female,<30,Yes,9,Yes
109989,Female,>50,No,4,No
109990,Female,<30,Yes,8,No
109991,Male,30-50,Yes,11,No
109992,Male,<30,Yes,6,No
109993,Female,30-50,Yes,9,Yes
109994,Male,30-50,Yes,7,No
109995,Female,>50,No,7,No
109996,Male,>50,Yes,13,Yes
109997,Female,<30,No,5,No
109998,Female,30-50,Yes,15,Yes
109999,Male,30-50,No,2,No
110000,Female,30-50,Yes,6,No
